loop,queue_order,section_header,audio_segment_id,audio_label,audio_transcript,target_audio_length,estimated_audio_length,audio_word_count,playback_behavior,default_state,sync_source
About Tinnitus,1,Why Tinnitus Is More Than Noise,AT-000-OV,Why Tinnitus Is More Than Noise,"Tinnitus often feels like it is only about the sound: the ringing, buzzing, hissing, pulsing, or other noise that will not seem to turn off. That sound is real, and it can be distressing. But the experience of tinnitus is also shaped by what is happening in your body, your mind, and your daily life. This section introduces that bigger picture so the rest of the app makes sense.",45-60 sec,20-45 sec,69,Manual next; stop at end. Autoplay optional in settings and default off.,Always visible,Current Education Text -> Audio Transcript
About Tinnitus,2,Seeing the whole picture,AT-001-SEEING,Seeing the whole picture,"It is natural to focus on the sound first. When tinnitus feels loud or intrusive, it can seem like everything would be better if the sound simply disappeared. Sound matters, and sound therapy is still one of the core tools we will use. But tinnitus distress often grows when other parts of life get pulled into the cycle: poor sleep, stress, fear, frustration, avoidance, and feeling misunderstood. Looking at the whole picture gives you more places to make useful change.",45-60 sec,20-45 sec,80,Manual next; stop at end. Autoplay optional in settings and default off.,Expanded by default,Current Education Text -> Audio Transcript
About Tinnitus,3,Why go beyond the sound?,AT-002-BEYOND,Why go beyond the sound?,"If tinnitus were only a hearing issue, then adding more sound would solve the whole problem. Many people do benefit from hearing aids, background sound, or other sound therapy tools, but those tools may not fully address the emotional and lifestyle impact of tinnitus. That does not mean sound therapy doesn’t work. It means tinnitus is being influenced by more than one system. The goal is not to find one perfect fix. The goal is to learn which parts of the experience you can influence, then build a plan around those levers.",60-75 sec,20-45 sec,92,Manual next; stop at end. Autoplay optional in settings and default off.,Expanded by default,Edited Education Text -> Audio Transcript
About Tinnitus,4,"Body: hearing, sound, and the nervous system",AT-003-BODY,"Body: hearing, sound, and the nervous system","The body side of tinnitus includes the physical and medical parts of tinnitus. This may include hearing loss, noise exposure, aging, medication effects, injury, jaw or neck factors, or changes in how the auditory system and nervous system respond to sound. Sound therapy and hearing care live here because they change what the ears and brain are receiving. If hearing loss is present, audiology care and appropriate amplification can be a major part of tinnitus management.",45-60 sec,20-45 sec,76,Manual next; stop at end. Autoplay optional in settings and default off.,Expanded by default,Edited Education Text -> Audio Transcript
About Tinnitus,5,"Mind: attention, emotion, and meaning",AT-004-MIND,"Mind: attention, emotion, and meaning","The mind side of tinnitus includes your reactions to tinnitus: attention, worry, fear, frustration, self-talk, and the meaning your brain attaches to the sound. This is not saying tinnitus is imaginary. The sound is real. The point is that your reaction to the sound can make it feel more threatening, more intrusive, or harder to live with. Skills like mindfulness, distress tolerance, cognitive reframing, acceptance, and self-compassion all work with this part of the tinnitus experience.",45-60 sec,20-45 sec,76,Manual next; stop at end. Autoplay optional in settings and default off.,Expanded by default,Edited Education Text -> Audio Transcript
About Tinnitus,6,"Life: sleep, routines, relationships, and the world around you",AT-005-LIFE,"Life: sleep, routines, relationships, and the world around you","The life side of tinnitus includes the ways tinnitus changes your day-to-day routines and relationships. You might avoid quiet rooms, skip social events, struggle at work, feel misunderstood, or notice that sleep becomes more stressful. These are not small side issues. They are part of how tinnitus becomes dominant. Communication skills, sleep education, sound planning, and gradual re-engagement help you keep your life from shrinking around tinnitus.",45-60 sec,20-45 sec,67,Manual next; stop at end. Autoplay optional in settings and default off.,Expanded by default,Edited Education Text -> Audio Transcript
About Tinnitus,7,What “multimodal” means,AT-006-MULTIMODAL,What “multimodal” means,"Multimodal simply means using more than one type of tool. Sound therapy can help with the sound environment. Mindfulness can help with attention. Distress tolerance can help with difficult moments. Cognitive reframing can help with thoughts that jump too far too fast. Sleep tools, self-compassion, and communication skills can help with the parts of life that tinnitus disrupts. No single tool has to do everything. Each tool gives you another way to influence the experience.",45-60 sec,20-45 sec,75,Manual next; stop at end. Autoplay optional in settings and default off.,Expanded by default,Current Education Text -> Audio Transcript
About Tinnitus,8,How to use this app,AT-007-HOW,How to use this app,"This app is a guided educational companion. You can read, listen, practice, and come back to sections when you need them. The best way to begin is to understand the big picture, then start with sound therapy because it is often the most concrete first step. From there, the other sections build tools for attention, difficult moments, thoughts, sleep, self-support, and communication. You do not need to master everything at once.",45-60 sec,20-45 sec,71,Manual next; stop at end. Autoplay optional in settings and default off.,Expanded by default,Current Education Text -> Audio Transcript
About Tinnitus,9,When extra support can help,AT-008-SUPPORT,When extra support can help,"Self-guided tools can be powerful, but they are not always easy to apply on your own. If you feel like you need individual help, feel confused, stuck, unsafe, or overwhelmed, support from an audiologist, ENT, mental health professional, sleep specialist, or other qualified clinician may be important. Getting help is not a failure. It is one of the ways people make these tools easier to use and more specific to their own situation.",35-45 sec,20-45 sec,73,Manual next; stop at end. Autoplay optional in settings and default off.,Collapsed by default,Edited Education Text -> Audio Transcript
About Tinnitus,10,Small efforts can build control,AT-009-EFFORT,Small efforts can build control,"Using these skills takes effort, and that can feel discouraging when tinnitus is already stressful. The goal is not to do everything perfectly. The goal is to test small strategies, notice what helps, and build a plan that gives you more influence over your day. Consistent sound use, gentle habit changes, a calmer response to thoughts, and short moments of mindfulness can all become evidence that tinnitus does not have to dominate every part of life.",45-60 sec,20-45 sec,76,Manual next; stop at end. Autoplay optional in settings and default off.,Expanded by default,Edited Education Text -> Audio Transcript
About Tinnitus,11,Pause & Reflect: Why am I doing this?,AT-010-PAUSE,Pause & Reflect: Why am I doing this?,"Before you start learning tools, take a moment to name your reason for being here. Are you looking for relief, understanding, better sleep, more confidence, or a way to make everyday life feel easier? Then imagine six months from now. How would you want tinnitus to feel different, not only in sound, but in how it affects your experience? Finally, choose one small step you can take this week. Naming your why can make the rest of the work feel more connected to your life.",60-75 sec,20-45 sec,85,Manual next; stop at end. Autoplay optional in settings and default off.,Exercise card after education,Current Education Text -> Audio Transcript
About Tinnitus,12,Body / Mind / Life Exploration,AT-011-BML-EX,Body / Mind / Life Exploration,"This exercise helps you sort your tinnitus experience into three areas. Body includes physical or medical factors, such as hearing changes, sound sensitivity, injury, or other health issues. Mind includes thoughts, emotions, stress, and worry. Life includes routines, sleep, relationships, work, and environments. A few words in each area is enough. The purpose is not to diagnose yourself. The purpose is to see the whole picture and identify where a useful next step might be.",60-75 sec,20-45 sec,75,Manual next; stop at end. Autoplay optional in settings and default off.,Exercise card after education,Current Education Text -> Audio Transcript
About Tinnitus,13,Main points before you move on,AT-012-POINTS,Main points before you move on,"Tinnitus is more than sound. The sound matters, but stress, attention, sleep, thoughts, avoidance, and social life can all change how tinnitus feels. Looking at tinnitus through Body, Mind, and Life gives you more than one place to intervene. This app can be used on your own, but professional support can help when the skills feel difficult or when medical, hearing, sleep, or mental health concerns need attention. You do not need to solve everything today. Start with one useful step.",45-60 sec,20-45 sec,81,Manual next; stop at end. Autoplay optional in settings and default off.,Expanded by default near end,Current Education Text -> Audio Transcript
About Tinnitus,14,A good next step: Sound Therapy,AT-013-NEXT,A good next step: Sound Therapy,"Sound Therapy is a good place to begin because it works directly with the sound environment. It can make tinnitus feel less isolated, reduce the contrast with silence, and set the stage for the emotional and behavioral tools that come later. If you are not sure where to go next, start there. You can always return to this section and update your Body / Mind / Life picture as your understanding changes.",35-45 sec,20-45 sec,70,Manual next; stop at end. Autoplay optional in settings and default off.,Expanded by default at end,Current Education Text -> Audio Transcript
About Tinnitus,15,Scope and safety,AT-014-SAFETY,Scope and safety,"This app is educational. It can help you learn tinnitus management concepts and practice self-guided skills, but it is not medical advice, therapy, crisis support, or a replacement for appropriate care. If you feel unsafe or are in a mental health crisis, do not rely on this app. Seek immediate support through emergency services, crisis resources, or a qualified professional. Sudden hearing changes, new neurological symptoms, pulsatile tinnitus, one-sided tinnitus, severe sound sensitivity, persistent sleep problems, or significant distress deserve professional evaluation.",60-75 sec,20-45 sec,82,Manual next; stop at end. Autoplay optional in settings and default off.,Collapsed by default,Current Education Text -> Audio Transcript
Sound Therapy,1,Using helpful sounds to manage tinnitus,ST-V5-001,Using helpful sounds to manage tinnitus,"Sound therapy means using comfortable outside sound to make tinnitus less dominant in your listening environment. The goal is not to blast tinnitus away or prove that you can ignore it. The goal is to give your ears and brain another sound to work with so tinnitus can gradually become less central.

This is often one of the most practical starting points in tinnitus management because it works directly with the sound experience. When sound therapy is used consistently and comfortably, it can help set the stage for the other skills in this app, including acceptance, mindfulness, distress tolerance, cognitive reframing, and sleep support.",45-75 sec,20-45 sec,104,Manual next; stop at end. Autoplay optional in settings and default off.,Expanded,Current Education Text -> Audio Transcript
Sound Therapy,2,What you will learn in this section,ST-V5-002,What you will learn in this section,"By the end of this section, you should understand why sound therapy can help the brain get used to tinnitus, how to choose sounds and devices that feel comfortable, and how to set the volume so tinnitus and sound therapy gently overlap.

The most important skill is finding the right volume level. Sound that is too quiet will not help much, while sound that completely covers tinnitus may become a form of avoidance. The useful range is where the sound therapy is clearly present, but tinnitus is not being pushed out of awareness entirely.",45-75 sec,20-45 sec,94,Manual next; stop at end. Autoplay optional in settings and default off.,Expanded,Edited Education Text -> Audio Transcript
Sound Therapy,3,Why sound therapy helps,ST-V5-003,Why sound therapy helps,"When tinnitus is the only noticeable sound, the brain may treat it as the most important thing in the room. Sound therapy changes that listening environment. By adding a neutral or soothing background sound, you reduce the contrast between silence and tinnitus.

Over time, this can help the brain treat tinnitus as a lower-priority signal. It may still be there, but it does not have to take center stage or pull your attention as strongly. This process is gradual, and it works best when sound therapy is used patiently and consistently.",45-75 sec,20-45 sec,91,Manual next; stop at end. Autoplay optional in settings and default off.,Expanded,Edited Education Text -> Audio Transcript
Sound Therapy,4,What sound therapy is,ST-V5-004,What sound therapy is,"Sound therapy means adding soft, steady, or soothing sound to your environment. This might come from a fan, a sound machine, a phone app, a speaker, open-ear headphones, or hearing aids. The sound does not have to be special or complicated. It just needs to be comfortable and useful for you.

Think of sound therapy as an auditory backdrop. The outside sound gives your brain something else to hear, so tinnitus is not standing alone in silence. The aim is not to erase tinnitus in the moment, but to make the listening environment easier for your brain to handle.",45-75 sec,20-45 sec,99,Manual next; stop at end. Autoplay optional in settings and default off.,Expanded,Current Education Text -> Audio Transcript
Sound Therapy,5,A restaurant example,ST-V5-005,A restaurant example,"A simple way to understand sound therapy is to imagine sitting in a restaurant. Music, voices, and movement do not erase every small sound in the room, but they help those sounds blend into the background. The clink of silverware may still happen, but it usually does not demand your full attention.

Tinnitus can work in a similar way. When the room is completely quiet, tinnitus may feel isolated and intense. When gentle sound is added, tinnitus may still be present, but it has more competition and can begin to feel less intrusive.",45-75 sec,20-45 sec,93,Manual next; stop at end. Autoplay optional in settings and default off.,Expanded,Current Education Text -> Audio Transcript
Sound Therapy,6,Why silence can make tinnitus feel louder,ST-V5-006,Why silence can make tinnitus feel louder,"Many people notice tinnitus most strongly in quiet. That does not necessarily mean tinnitus has become more dangerous or permanently louder. It may mean there is less outside sound competing for attention.

Sound therapy reduces the stark contrast between silence and tinnitus. That can lower the feeling that tinnitus is the only thing happening. For some people this helps with concentration, relaxation, evening routines, and sleep preparation. It also gives the brain repeated opportunities to learn that tinnitus can be present without needing an alarm response.",45-75 sec,20-45 sec,86,Manual next; stop at end. Autoplay optional in settings and default off.,Expanded,Current Education Text -> Audio Transcript
Sound Therapy,7,Masking is not the same as sound therapy,ST-V5-007,Masking is not the same as sound therapy,"Many people use the word masking to mean any use of sound for tinnitus, but full masking and sound therapy are not the same thing. Full masking means turning sound up until tinnitus is completely covered. That can be useful for a short break or a high-distress moment, but it is not the main goal of sound therapy, as we discuss it here.

Sound therapy usually works best when it supports adaptation. That means the sound is comfortable and present, while tinnitus may still be partly audible. In that volume range, the brain can begin learning that tinnitus does not need to dominate or trigger constant monitoring.",45-75 sec,20-45 sec,107,Manual next; stop at end. Autoplay optional in settings and default off.,Expanded,Edited Education Text -> Audio Transcript
Sound Therapy,8,Short-term relief and long-term adaptation,ST-V5-008,Short-term relief and long-term adaptation,"Full masking can feel good because it gives immediate relief from hearing tinnitus. The limitation is that the relief often stops when the masking sound stops. If the brain only learns that tinnitus must be hidden, tinnitus may feel more threatening when it returns.

A habituation-oriented sound therapy approach is different. It allows some awareness of tinnitus while adding a steady, supportive sound. This can help the brain learn that tinnitus is present but not urgent. That learning is usually slower than short-term masking, but it is often more useful for daily management.",45-75 sec,20-45 sec,93,Manual next; stop at end. Autoplay optional in settings and default off.,Expanded,Current Education Text -> Audio Transcript
Sound Therapy,9,Finding the sound therapy sweet spot,ST-V5-009,Finding the sound therapy sweet spot,"The sound therapy sweet spot is the range where you can hear both the sound therapy and your tinnitus. If the sound therapy is too quiet, it may not give your brain enough input to work with. If it is too loud and completely covers tinnitus, it may become more about escaping the sound than adapting to it.

The middle volume range is usually the most helpful. In that range, tinnitus is present, but it is not alone. Sound therapy becomes a calm companion to your listening environment rather than a battle to overpower tinnitus.",45-75 sec,20-45 sec,95,Manual next; stop at end. Autoplay optional in settings and default off.,Expanded,Edited Education Text -> Audio Transcript
Sound Therapy,10,The three volume zones,ST-V5-010,The three volume zones,"The bottom zone is too quiet: the sound therapy is not audible enough to help. The top zone is too loud: the sound covers tinnitus completely, which may be useful briefly but is not the main long-term goal.

The middle zone is the target. You can hear the sound therapy and still have some awareness of tinnitus. That overlap gives the brain a chance to practice hearing tinnitus without treating it as the only sound that matters.",45-75 sec,20-45 sec,77,Manual next; stop at end. Autoplay optional in settings and default off.,Expanded,Current Education Text -> Audio Transcript
Sound Therapy,11,Important terms,ST-V5-011,Important terms,"Habituation means the brain adapts and becomes less reactive to a repeated stimulus. When habituation happens with tinnitus, you may still notice tinnitus if you listen for it, but it no longer creates the same stress or urgency.

Sound therapy means using gentle background sound to reduce the impact of tinnitus and support habituation. An external sound source is any device or method that delivers that sound, such as a fan, speaker, phone app, sound machine, hearing aids, or open-ear headphones.",45-75 sec,20-45 sec,81,Manual next; stop at end. Autoplay optional in settings and default off.,Expanded,Edited Education Text -> Audio Transcript
Sound Therapy,12,Choosing sounds,ST-V5-012,Choosing sounds,"There is no perfect sound for everyone. Some people like rain, ocean waves, crickets, fans, white noise, pink noise, gentle music, or other steady sounds. Some people like sounds that another person would find irritating. If it helps you and you can use it comfortably, it can be a good sound for you.

The best starting point is to try a few neutral or pleasant sounds and notice which ones feel comfortable or soothing. If a sound becomes annoying, you are not doing anything wrong. Try a different sound or change the setting.",45-75 sec,20-45 sec,93,Manual next; stop at end. Autoplay optional in settings and default off.,Expanded,Edited Education Text -> Audio Transcript
Sound Therapy,13,Choosing devices and sound sources,ST-V5-013,Choosing devices and sound sources,"Sound therapy can come from many places: a phone app, small speaker, sound machine, fan, open-ear headphones, bone-conduction headphones, or hearing aids. The right device depends on where you are, what you are doing, and what feels comfortable.

If you have hearing loss, hearing care deserves special attention. Hearing aids can act like a highly personalized form of sound therapy by restoring sounds the brain has been missing. For many people with hearing loss and tinnitus, addressing hearing directly is one of the most useful starting points.",45-75 sec,20-45 sec,87,Manual next; stop at end. Autoplay optional in settings and default off.,Expanded,Current Education Text -> Audio Transcript
Sound Therapy,14,How to set the volume,ST-V5-014,How to set the volume,"Start with the sound low. Slowly raise it until you can hear the sound therapy clearly. Then notice whether tinnitus is still partly present. If you cannot hear the sound therapy, it is too low. If tinnitus disappears completely, the sound may be louder than you need for everyday sound therapy.

Aim for a comfortable overlap. You should be aware of the support sound, and you may still notice tinnitus, but neither one should feel like it is taking over. The exact level may change from day to day, and that is okay.",45-75 sec,20-45 sec,93,Manual next; stop at end. Autoplay optional in settings and default off.,Expanded,Current Education Text -> Audio Transcript
Sound Therapy,15,Using sound therapy during the day,ST-V5-015,Using sound therapy during the day,"Sound therapy is often most useful during quiet tasks or times when tinnitus tends to grab your attention. You might use it while reading, doing work around the home, working at a desk, relaxing in the evening, or preparing for bed.

Consistency matters more than perfection. You do not need to analyze every minute. The goal is to give your brain repeated, comfortable exposure to a richer sound environment so tinnitus becomes less dominant over time.",20-45 sec,20-45 sec,76,Manual next; stop at end. Autoplay optional in settings and default off.,Expanded,Edited Education Text -> Audio Transcript
Sound Therapy,16,Using sound at night,ST-V5-016,Using sound at night,"Many people notice tinnitus more at night because the environment is quieter and there are fewer distractions. Gentle sound at night can make the transition toward sleep feel less like a direct confrontation with tinnitus.

This does not mean sound therapy is a full sleep treatment. It is one supportive tool. If sleep is a persistent problem, or if there are signs of a sleep condition such as sleep apnea, that deserves proper evaluation. But for many people, a comfortable background sound can make bedtime feel less stark and less silent.",45-75 sec,20-45 sec,91,Manual next; stop at end. Autoplay optional in settings and default off.,Expanded,Current Education Text -> Audio Transcript
Sound Therapy,17,How sound therapy supports the rest of the app,ST-V5-017,How sound therapy supports the rest of the app,"Sound therapy is the main auditory tool in this app, but it works best as part of a bigger approach. Comfortable sound can make mindfulness easier, support distress tolerance, reduce the feeling of being trapped in silence, and give you a better environment for practicing acceptance and cognitive reframing.

That is why sound therapy appears in more than one place. It is not just a sound tool. It is a foundation that can support emotional regulation, attention flexibility, sleep routines, and everyday re-engagement.",45-75 sec,20-45 sec,83,Manual next; stop at end. Autoplay optional in settings and default off.,Expanded,Current Education Text -> Audio Transcript
Sound Therapy,18,If sound feels sensitive,ST-V5-018,If sound feels sensitive,"Tinnitus and sound sensitivity often travel together. If ordinary sound feels sharp, uncomfortable, or threatening, it can be tempting to avoid sound as much as possible. That reaction makes sense, but living in a quieter and quieter world can sometimes keep the sound system on high alert.

For sound sensitivity, the same basic principle still applies: comfortable, controlled sound can help the system feel safer over time. The key is not to push into volume levels that are uncomfortable or painful. Start gently, stay below the point of sensitivity, and use sounds that feel enjoyable or neutral.",45-75 sec,20-45 sec,97,Manual next; stop at end. Autoplay optional in settings and default off.,Expanded,Edited Education Text -> Audio Transcript
Sound Therapy,19,Enjoyable music speaker practice,ST-V5-019,Enjoyable music speaker practice,"One simple sound-sensitivity practice is to use enjoyable music on speakers for 10 to 15 minutes. Start with the volume all the way down. Slowly raise it until you begin to notice sensitivity, then lower it slightly below that point. Listen only if it feels comfortable.

The purpose is not to tolerate bothersome sound levels. The purpose is to give your brain and body a controlled sound experience where nothing bad happens. If the level changes from day to day, treat that information non-judgmentally.",45-75 sec,20-45 sec,84,Manual next; stop at end. Autoplay optional in settings and default off.,Expanded,Edited Education Text -> Audio Transcript
Sound Therapy,20,FAQ: How loud should sound therapy be?,ST-V5-020,FAQ: How loud should sound therapy be?,"A useful starting point is just below the level where sound therapy would completely cover tinnitus. You want to hear the support sound and still have some awareness of tinnitus. That overlap is what makes it sound therapy rather than simply blocking tinnitus out.

There may be moments when fuller masking is useful for a short break. For daily management, though, the balanced volume level is usually the better target.",20-45 sec,20-45 sec,70,Manual next; stop at end. Autoplay optional in settings and default off.,Collapsed,Edited Education Text -> Audio Transcript
Sound Therapy,21,FAQ: Does the type of sound matter?,ST-V5-021,FAQ: Does the type of sound matter?,"The type of sound matters mostly because you need to be able to use it comfortably. Nature sounds, steady noise, fan sounds, gentle music, crickets, or water sounds can all be reasonable options.

The best sound is not the one someone else calls perfect. It is the one that works for your ears, your environment, and your nervous system on that day.",20-45 sec,20-45 sec,62,Manual next; stop at end. Autoplay optional in settings and default off.,Collapsed,Current Education Text -> Audio Transcript
Sound Therapy,22,FAQ: Will sound therapy get rid of tinnitus?,ST-V5-022,FAQ: Will sound therapy get rid of tinnitus?,"Sound therapy is not a promise that tinnitus will disappear. The more realistic goal is that tinnitus becomes less dominant, less threatening, and easier to live with.

Many people find that sound therapy helps reduce distress even when tinnitus is still present. That distinction is important: improvement can mean a better relationship with tinnitus, not only a change in the sound itself.",20-45 sec,20-45 sec,62,Manual next; stop at end. Autoplay optional in settings and default off.,Collapsed,Current Education Text -> Audio Transcript
Sound Therapy,23,FAQ: When should I use sound therapy?,ST-V5-023,FAQ: When should I use sound therapy?,"Use sound therapy when it helps you stay engaged with your life. That might mean quiet work, reading, relaxing, evening routines, or getting ready for sleep. The goal is not to become dependent on sound every moment of the day.

Use it as support. If you notice that you are using sound only to avoid ever hearing tinnitus, return to the sweet spot idea and the Acceptance and Change section.",20-45 sec,20-45 sec,70,Manual next; stop at end. Autoplay optional in settings and default off.,Collapsed,Current Education Text -> Audio Transcript
Sound Therapy,24,Main points to remember,ST-V5-024,Main points to remember,"Sound therapy adds comfortable outside sound so tinnitus is not alone in silence. The sound should usually be audible but not overpowering. Consistency matters, and the sound you choose should be something you can use comfortably over time.

Sound therapy is also more powerful when it is combined with the rest of tinnitus management. It can support mindfulness, distress tolerance, sleep routines, cognitive reframing, and a more flexible relationship with tinnitus.",20-45 sec,20-45 sec,71,Manual next; stop at end. Autoplay optional in settings and default off.,Expanded,Current Education Text -> Audio Transcript
Sound Therapy,25,Before you move on,ST-V5-025,Before you move on,"Before you leave this section, choose one small way you could use sound therapy this week. Keep it simple: one sound, one device, one situation. You can always adjust later.

It also helps to write a reminder to be patient with yourself. Sound therapy is a learning process. Some days will be easier than others, and needing to adjust the sound does not mean you are failing. It means you are listening and responding.",20-45 sec,20-45 sec,74,Manual next; stop at end. Autoplay optional in settings and default off.,Expanded,Current Education Text -> Audio Transcript
Sound Therapy,26,Sound safety and when to seek help,ST-V5-026,Sound safety and when to seek help,"Use comfortable sound. Do not push into painful volume. If sound sensitivity is severe, worsening, or interfering with daily life, professional guidance can help. If you have hearing loss, sudden hearing changes, one-sided symptoms, pulsatile tinnitus, dizziness, neurological symptoms, or other medical concerns, consider appropriate hearing healthcare or medical evaluation.

This app teaches sound therapy as an educational self-management tool. It does not replace audiology, ENT, mental health care, sleep medicine, or emergency care when those are needed.",45-75 sec,20-45 sec,78,Manual next; stop at end. Autoplay optional in settings and default off.,Collapsed,Current Education Text -> Audio Transcript
Acceptance and Change,1,Acceptance and change can work together,ACPT-V5-001,Acceptance and change can work together,"When tinnitus feels difficult, it is natural to want it gone. That reaction makes sense. The problem is that tinnitus does not always respond to force, and the harder you fight to make it disappear in a single moment, the more your attention and energy can become wrapped around it.

Acceptance does not mean giving up. In this section, acceptance means acknowledging what is happening right now so you can use your energy more wisely. Change means taking practical steps that reduce distress, support daily life, and help you stay connected to what matters.",60-90 sec,20-45 sec,94,Manual next; stop at end. Autoplay optional in settings and default off.,Expanded,Current Education Text -> Audio Transcript
Acceptance and Change,2,What you will learn,ACPT-V5-002,What you will learn,"By the end of this section, you should be able to tell the difference between acceptance and giving up, recognize how avoidance can make tinnitus more frustrating, describe how acceptance and change can happen at the same time, and practice at least one acceptance-based exercise for tinnitus-related stress.",20-45 sec,20-45 sec,48,Manual next; stop at end. Autoplay optional in settings and default off.,Expanded,Current Education Text -> Audio Transcript
Acceptance and Change,3,Pause and reflect: what happened last time?,ACPT-V5-003,Pause and reflect: what happened last time?,"Think about a recent moment when tinnitus made you angry, upset, or tense. What did you do to handle that feeling? Did your response lower the stress, or did it keep the struggle going?

Now ask one small question: if I had accepted that tinnitus was present in that moment, stoping the fight against it without liking it or approving of it, what might have felt different?",20-45 sec,20-45 sec,67,Manual next; stop at end. Autoplay optional in settings and default off.,Expanded,Edited Education Text -> Audio Transcript
Acceptance and Change,4,Acceptance means noticing what is here,ACPT-V5-004,Acceptance means noticing what is here,"Acceptance means allowing yourself to notice that tinnitus is present without spending all your energy trying to erase it. It does not mean you like tinnitus. It does not mean you want it to stay. It does not mean you believe nothing can improve.

It means you are starting from reality: tinnitus is here right now, and the next useful step probably will not come from arguing with that fact.",20-45 sec,20-45 sec,70,Manual next; stop at end. Autoplay optional in settings and default off.,Expanded,Current Education Text -> Audio Transcript
Acceptance and Change,5,Change means acting where you have influence,ACPT-V5-005,Change means acting where you have influence,"Change means taking active steps to improve your life and reduce distress. That might mean using sound therapy, asking for support, practicing mindfulness, communicating a need, or returning to an activity tinnitus has pushed aside.

Change does not have to mean forcing tinnitus to disappear. It can mean making today more workable, your environment more supportive, and your reactions less controlled by the sound.",20-45 sec,20-45 sec,64,Manual next; stop at end. Autoplay optional in settings and default off.,Expanded,Current Education Text -> Audio Transcript
Acceptance and Change,6,Acceptance is not resignation,ACPT-V5-006,Acceptance is not resignation,"Many people hear the word acceptance and think it means throwing in the towel. That is not what we mean here.

Resignation says, “Nothing can change, so why try?” Acceptance says, “This is the situation I am in right now, and I can still choose the next useful step.” Acceptance is active. It helps you stop fighting the impossible in this moment so you can put effort into something that may actually help.",20-45 sec,20-45 sec,73,Manual next; stop at end. Autoplay optional in settings and default off.,Expanded,Current Education Text -> Audio Transcript
Acceptance and Change,7,Why trying only to eliminate tinnitus can backfire,ACPT-V5-007,Why trying only to eliminate tinnitus can backfire,"At the beginning, many people put all their energy into making tinnitus vanish. They may avoid quiet places, stop doing things they enjoy, search constantly for cures, or feel crushed whenever a treatment does not work right away.

Those reactions are understandable. But when your whole life becomes organized around eliminating tinnitus, tinnitus can become even more central. The struggle itself starts taking up the space that your routines, relationships, hobbies, and rest used to occupy.",60-90 sec,20-45 sec,76,Manual next; stop at end. Autoplay optional in settings and default off.,Expanded,Current Education Text -> Audio Transcript
Acceptance and Change,8,Avoidance can make life smaller,ACPT-V5-008,Avoidance can make life smaller,"Avoidance can bring short-term relief. Masking tinnitus fully, leaving a quiet room, canceling plans, or checking the internet again may feel like it lowers distress for a moment. The problem is that avoidance can also teach the brain that tinnitus is something you cannot face.

Over time, the world may get smaller. Acceptance helps reverse that pattern by asking, “What can I allow for this moment, and what useful action can I take anyway?”",20-45 sec,20-45 sec,74,Manual next; stop at end. Autoplay optional in settings and default off.,Expanded,Edited Education Text -> Audio Transcript
Acceptance and Change,9,Sound therapy shows acceptance and change together,ACPT-V5-009,Sound therapy shows acceptance and change together,"Sound therapy is a good example of acceptance and change working together. If you use sound only to cover tinnitus completely all day, the purpose becomes escape. That may help briefly, but it can also keep the brain from learning that tinnitus is safe enough to tune out.

When sound therapy is set in the middle volume range, where you can hear the support sound and may still notice tinnitus, you are accepting enough of the sound for the brain to learn while still changing the environment to make it easier to tolerate.",60-90 sec,20-45 sec,93,Manual next; stop at end. Autoplay optional in settings and default off.,Expanded,Edited Education Text -> Audio Transcript
Acceptance and Change,10,The Yes AND mindset,ACPT-V5-010,The Yes AND mindset,"The Yes AND mindset comes from the idea that two truths can exist at the same time. You can acknowledge tinnitus honestly and still take a useful next step.

For example: “Yes, my tinnitus is tough today, and I can use a gentle background sound while I get ready.” Or, “Yes, I wish this were different, and I can still go to dinner with friends.” The first half is acceptance. The second half is change.",20-45 sec,20-45 sec,75,Manual next; stop at end. Autoplay optional in settings and default off.,Expanded,Current Education Text -> Audio Transcript
Acceptance and Change,11,Two truths can sit next to each other,ACPT-V5-011,Two truths can sit next to each other,"Without this kind of both-and thinking, tinnitus can push you toward all-or-nothing choices: either I fix this completely, or my life is ruined. That trap is exhausting.

A more balanced view says: tinnitus can be present, and I can still take care of myself. I can dislike this sound, and I can still choose something meaningful. I can want improvement, and I can stop demanding that everything change before I live my life.",20-45 sec,20-45 sec,73,Manual next; stop at end. Autoplay optional in settings and default off.,Expanded,Current Education Text -> Audio Transcript
Acceptance and Change,12,The tug-of-war with tinnitus,ACPT-V5-012,The tug-of-war with tinnitus,"Imagine tinnitus on the other side of a rope in a tug of war. You pull harder and harder, trying to win. But the more you pull, the more tired and stuck you become.

Pulling the rope might look like masking tinnitus every moment, avoiding quiet places, arguing with the sound in your mind, or searching for answers long after the search has stopped helping. The question is not whether those reactions make sense. They do, and are reasonable things to do at first. The question is whether staying in the tug-of-war is giving you your life back.",60-90 sec,20-45 sec,98,Manual next; stop at end. Autoplay optional in settings and default off.,Expanded,Edited Education Text -> Audio Transcript
Acceptance and Change,13,What would dropping the rope mean?,ACPT-V5-013,What would dropping the rope mean?,"Dropping the rope does not mean tinnitus wins. It does not mean you like tinnitus or accept that nothing can improve. It means you stop spending this moment on a fight that is not helping.

When you drop the rope, even briefly, you may have more energy for something else: using a coping tool, changing the room, resting, connecting with someone, or returning to an activity that matters.",20-45 sec,20-45 sec,68,Manual next; stop at end. Autoplay optional in settings and default off.,Expanded,Current Education Text -> Audio Transcript
Acceptance and Change,14,Important term: acceptance,ACPT-V5-014,Important term: acceptance,"Acceptance means embracing the present experience without spending all your energy suppressing it, fighting it, or denying it. It acknowledges what you cannot fully change right now and frees mental energy for more constructive actions.",20-45 sec,<20 sec,35,Manual next; stop at end. Autoplay optional in settings and default off.,Collapsed,Current Education Text -> Audio Transcript
Acceptance and Change,15,Important term: change,ACPT-V5-015,Important term: change,"Change means taking active steps to enhance your well-being. That may include coping tools, goals, problem-solving, sound therapy, communication, or daily routines. Change focuses on what can improve, even when tinnitus is still present.",20-45 sec,<20 sec,34,Manual next; stop at end. Autoplay optional in settings and default off.,Collapsed,Current Education Text -> Audio Transcript
Acceptance and Change,16,Important term: dialectical thinking,ACPT-V5-016,Important term: dialectical thinking,"Dialectical thinking means holding two truths at the same time. In tinnitus management, that might sound like: “Yes, I have tinnitus, and yes, I can still live a fulfilling life.” This reduces all-or-nothing thinking and supports balanced decisions.",20-45 sec,<20 sec,38,Manual next; stop at end. Autoplay optional in settings and default off.,Collapsed,Current Education Text -> Audio Transcript
Acceptance and Change,17,Important term: experiential avoidance,ACPT-V5-017,Important term: experiential avoidance,"Experiential avoidance means trying to escape uncomfortable thoughts, feelings, sensations, or situations in ways that bring short-term relief but may increase distress over time. With tinnitus, avoidance can sometimes make life smaller and tinnitus more powerful.",20-45 sec,<20 sec,36,Manual next; stop at end. Autoplay optional in settings and default off.,Collapsed,Current Education Text -> Audio Transcript
Acceptance and Change,18,Step one: notice the fight,ACPT-V5-018,Step one: notice the fight,"Taking acceptance and change into real life begins with noticing when you are locked in battle. Are you telling yourself, “I will only be okay when this goes away”? Are you organizing the day around avoiding tinnitus?

You do not need to judge yourself for that reaction. The goal is to recognize the pattern early enough to choose something different.",20-45 sec,20-45 sec,60,Manual next; stop at end. Autoplay optional in settings and default off.,Expanded,Current Education Text -> Audio Transcript
Acceptance and Change,19,Step two: choose one useful action,ACPT-V5-019,Step two: choose one useful action,"Once you notice the fight, ask what action would actually support you. That might be using sound therapy, taking one breath, asking for help, stepping away from an internet search, or rejoining something you care about.

This is where Yes AND becomes practical: “Yes, this is hard, and I can still do one thing that helps.”",20-45 sec,20-45 sec,56,Manual next; stop at end. Autoplay optional in settings and default off.,Expanded,Current Education Text -> Audio Transcript
Acceptance and Change,20,Reconnecting with what matters,ACPT-V5-020,Reconnecting with what matters,"When tinnitus feels overwhelming, it can shrink your world. You may avoid hobbies, social opportunities, music, work tasks, quiet rooms, or routines that used to matter.

The values-driven action plan asks you to name one meaningful activity tinnitus has affected and choose one small step back toward it. You do not need to solve everything first. Re-engagement can begin with one realistic action.",20-45 sec,20-45 sec,63,Manual next; stop at end. Autoplay optional in settings and default off.,Expanded,Edited Education Text -> Audio Transcript
Acceptance and Change,21,Why this mindset supports the rest of the app,ACPT-V5-021,Why this mindset supports the rest of the app,"Acceptance and change are woven through the rest of tinnitus management. Sound therapy works better when it is not just escape. Mindfulness becomes more approachable when you are not using it as a test of silence. Cognitive reframing is easier when you can pause long enough to question a thought.

By accepting what you cannot instantly fix, you free energy for the parts of life you can influence: routines, stress, sleep, communication, attention, and meaningful activity.",60-90 sec,20-45 sec,76,Manual next; stop at end. Autoplay optional in settings and default off.,Expanded,Current Education Text -> Audio Transcript
Acceptance and Change,22,FAQ: Is acceptance the same as doing nothing?,ACPT-V5-022,FAQ: Is acceptance the same as doing nothing?,"No. Acceptance is not passive. It means you acknowledge what you cannot fully control in this moment and shift attention toward what you can do. That might mean using sound therapy, practicing a skill, asking for support, or choosing an activity that matters.",20-45 sec,<20 sec,43,Manual next; stop at end. Autoplay optional in settings and default off.,Collapsed,Current Education Text -> Audio Transcript
Acceptance and Change,23,"FAQ: If I stop trying to fix tinnitus, won’t it get worse?",ACPT-V5-023,"FAQ: If I stop trying to fix tinnitus, won’t it get worse?","Usually, constant fixing and checking can make tinnitus feel bigger because it keeps the sound at the center of attention. Acceptance does not mean you stop caring. It means you stop letting tinnitus consume every moment while you continue using tools that support you.",20-45 sec,<20 sec,44,Manual next; stop at end. Autoplay optional in settings and default off.,Collapsed,Current Education Text -> Audio Transcript
Acceptance and Change,24,FAQ: Does acceptance mean I am stuck with tinnitus forever?,ACPT-V5-024,FAQ: Does acceptance mean I am stuck with tinnitus forever?,No. Acceptance does not predict the future. It means your life does not have to stay on hold until tinnitus changes. You can stay open to new treatments or strategies while still taking care of your life today.,20-45 sec,<20 sec,38,Manual next; stop at end. Autoplay optional in settings and default off.,Collapsed,Current Education Text -> Audio Transcript
Acceptance and Change,25,FAQ: How can I accept tinnitus when it feels overwhelming?,ACPT-V5-025,FAQ: How can I accept tinnitus when it feels overwhelming?,"Start small. Acceptance may begin with one breath, one moment of noticing, or one choice not to react immediately. If the moment is too intense, use a distress tolerance skill first, then come back to acceptance when your mind has more room.",20-45 sec,<20 sec,42,Manual next; stop at end. Autoplay optional in settings and default off.,Collapsed,Current Education Text -> Audio Transcript
Acceptance and Change,26,Practice: Yes AND,ACPT-V5-026,Practice: Yes AND,"In this exercise, write three honest frustrations about tinnitus. For each one, begin with “Yes,” and name the frustration without softening it. Then add “AND,” followed by one action you can take.

For example: “Yes, tinnitus is louder at night, and I can use the relaxing rain sound I like while I wind down.” Notice how the sentence holds both acceptance and change.",20-45 sec,20-45 sec,63,Manual next; stop at end. Autoplay optional in settings and default off.,Expanded,Current Education Text -> Audio Transcript
Acceptance and Change,27,Practice: Reconnection with What Matters,ACPT-V5-027,Practice: Reconnection with What Matters,"Choose one activity, routine, relationship, or value that tinnitus has affected. Then list small steps that could help you move toward it again.

The point is not to force yourself back all at once. It is to find the lowest-hanging fruit: one concrete step this week that reconnects you with something meaningful.",20-45 sec,20-45 sec,52,Manual next; stop at end. Autoplay optional in settings and default off.,Expanded,Current Education Text -> Audio Transcript
Acceptance and Change,28,Main points,ACPT-V5-028,Main points,"Acceptance does not mean you are okay with tinnitus. It means you stop spending all your energy on a fight you cannot win by force.

Change focuses on what you can influence: your sound environment, habits, attention, communication, self-talk, and daily choices. Yes AND is a simple way to combine acceptance and action. Reducing avoidance can lower stress and free energy for meaningful life.",20-45 sec,20-45 sec,64,Manual next; stop at end. Autoplay optional in settings and default off.,Expanded,Edited Education Text -> Audio Transcript
Acceptance and Change,29,Before you move on,ACPT-V5-029,Before you move on,"Before you leave this section, write down one small way you can use acceptance as a starting point for change. You might also write a reminder to be patient with yourself as you practice.

This is not a skill you master all at once. It is something you return to each time tinnitus starts pulling you back into the fight.",20-45 sec,20-45 sec,60,Manual next; stop at end. Autoplay optional in settings and default off.,Expanded,Current Education Text -> Audio Transcript
Acceptance and Change,30,Scope and safety,ACPT-V5-030,Scope and safety,"This section teaches educational skills for working with tinnitus-related distress. It is not a substitute for medical care, hearing healthcare, mental health care, or crisis support.

If you feel unsafe, are in a mental health crisis, or are worried you may harm yourself or someone else, do not rely on this app. Seek immediate help from emergency services, crisis resources, or a qualified professional.",20-45 sec,20-45 sec,64,Manual next; stop at end. Autoplay optional in settings and default off.,Collapsed,Current Education Text -> Audio Transcript
Mindfulness,1,Mindfulness: finding calm in the present moment,AUD-MF-V5-001,Mindfulness: finding calm in the present moment,"Mindfulness means learning to notice what is happening right now without immediately fighting it, avoiding it, or judging it. For tinnitus, this does not mean liking the ringing or pretending it is pleasant. It means practicing the ability to notice tinnitus as one part of the moment, alongside your breath, body, thoughts, emotions, and the sounds around you.",20-30 sec,20-45 sec,58,Manual next; stop at end. Autoplay optional in settings and default off.,Expanded,Current Education Text -> Audio Transcript
Mindfulness,2,What you will practice in this section,AUD-MF-V5-002,What you will practice in this section,"In this section, you will learn what mindfulness is, how it differs from simple relaxation, and why it can be useful when tinnitus feels intrusive. You will practice noticing tinnitus without panic or avoidance, using present-moment awareness to interrupt thought spirals, and combining mindfulness with sound therapy, acceptance, and cognitive tools.",20-30 sec,20-45 sec,51,Manual next; stop at end. Autoplay optional in settings and default off.,Expanded,Current Education Text -> Audio Transcript
Mindfulness,3,What mindfulness means for tinnitus,AUD-MF-V5-003,What mindfulness means for tinnitus,"Mindfulness is the practice of being fully present with your experiences, including thoughts, feelings, sensations, and sounds, without trying to push away discomfort or cling tightly to comfort. With tinnitus, this means gently noticing the ringing, buzzing, or hissing while also noticing the rest of the room, the body, the breath, and the activity you are doing. The skill is not to force tinnitus away. The skill is to widen attention so tinnitus is no longer the only thing your mind is holding.",30-45 sec,20-45 sec,83,Manual next; stop at end. Autoplay optional in settings and default off.,Expanded,Current Education Text -> Audio Transcript
Mindfulness,4,You do not have to like the ringing,AUD-MF-V5-004,You do not have to like the ringing,"A key idea in this section is that you do not have to like tinnitus for mindfulness to help. You are not trying to convince yourself that the sound is pleasant. You are practicing a less combative way of noticing it. When the mind stops treating tinnitus as an emergency every time it appears, the sound can begin to lose some of its emotional force.",20-30 sec,20-45 sec,65,Manual next; stop at end. Autoplay optional in settings and default off.,Expanded,Current Education Text -> Audio Transcript
Mindfulness,5,Mindfulness is not forced silence,AUD-MF-V5-005,Mindfulness is not forced silence,"Many people assume mindfulness means sitting silently for a long time and focusing on tinnitus. That misunderstanding can make mindfulness feel impossible. In this app, mindfulness is much broader. It can be one breath before you check your phone, a minute of noticing sounds during a walk, or a short pause while holding a warm drink. Silence is not required. Everyday sounds can become anchors for awareness.",20-30 sec,20-45 sec,67,Manual next; stop at end. Autoplay optional in settings and default off.,Expanded,Current Education Text -> Audio Transcript
Mindfulness,6,Mindfulness is not the same as relaxation,AUD-MF-V5-006,Mindfulness is not the same as relaxation,"Mindfulness and relaxation often overlap, but they are not the same thing. Relaxation focuses on feeling calmer. Mindfulness focuses on noticing what is here with more steadiness and less judgment. Sometimes mindfulness will help you feel relaxed. Other times, it simply helps you notice stress, tinnitus, or frustration without reacting as quickly.",20-30 sec,20-45 sec,52,Manual next; stop at end. Autoplay optional in settings and default off.,Expanded,Current Education Text -> Audio Transcript
Mindfulness,7,Neutral observation and non-judgment,AUD-MF-V5-007,Neutral observation and non-judgment,"When tinnitus appears, the mind may quickly label it as awful, unbearable, or a sign that the day is ruined. Mindfulness gives you a different option: notice the sound and notice the reaction to the sound. You might silently label it, “ringing,” “thought,” or “frustration.” This does not erase tinnitus, but it creates a small pause between the sound and the reaction.",20-30 sec,20-45 sec,62,Manual next; stop at end. Autoplay optional in settings and default off.,Expanded,Current Education Text -> Audio Transcript
Mindfulness,8,Why non-judgment lowers reactivity,AUD-MF-V5-008,Why non-judgment lowers reactivity,"Tinnitus often becomes more distressing when the sound is paired with alarm, fear, self-blame, or catastrophic thoughts. Mindfulness-based approaches help by lowering emotional reactivity. Instead of automatically moving from “I hear tinnitus” to “I can’t stand this,” you practice noticing the sound, taking a breath, and letting the moment be larger than the tinnitus alone.",20-30 sec,20-45 sec,55,Manual next; stop at end. Autoplay optional in settings and default off.,Expanded,Current Education Text -> Audio Transcript
Mindfulness,9,Mindfulness can work with sound therapy,AUD-MF-V5-009,Mindfulness can work with sound therapy,"Sound therapy can make mindfulness more accessible. Gentle background sound gives your attention something neutral to notice, especially when silence makes tinnitus feel too sharp. Mindfulness then helps you use sound therapy without making it another form of panic or avoidance. Together, they support the same goal: helping tinnitus become less dominant in your awareness.",20-30 sec,20-45 sec,55,Manual next; stop at end. Autoplay optional in settings and default off.,Expanded,Current Education Text -> Audio Transcript
Mindfulness,10,Mindfulness supports acceptance,AUD-MF-V5-010,Mindfulness supports acceptance,"The acceptance section focused on dropping the struggle long enough to choose a useful next step. Mindfulness is how you practice that in real time. When you become aware of tinnitus, you can notice it, feel the urge to fight it, and choose where your attention goes next. This is not passive. It is active training in how you respond.",20-30 sec,20-45 sec,60,Manual next; stop at end. Autoplay optional in settings and default off.,Expanded,Edited Education Text -> Audio Transcript
Mindfulness,11,Mini-practice: 3-2-1 senses,AUD-MF-V5-011,Mini-practice: 3-2-1 senses,"The 3-2-1 senses practice is a simple way to widen attention. Look around and name three things you can see. Then identify two sounds or auditory sensations you can notice. Finally, notice one physical sensation, such as your feet on the floor or clothing against your skin. Pause for a moment afterward and ask whether your awareness or mood shifted.",20-30 sec,20-45 sec,60,Manual next; stop at end. Autoplay optional in settings and default off.,Expanded,Edited Education Text -> Audio Transcript
Mindfulness,12,Important terms,AUD-MF-V5-012,Important terms,"Mindfulness means paying attention, on purpose, to the present moment without judging what you notice as good or bad. Present-moment awareness means focusing on right now instead of replaying past difficult moments or jumping into future what-ifs. Non-judgment means approaching the experience with openness rather than immediately labeling it awful, unbearable, or your fault.",20-30 sec,20-45 sec,54,Manual next; stop at end. Autoplay optional in settings and default off.,Collapsed,Current Education Text -> Audio Transcript
Mindfulness,13,Putting mindfulness into daily life,AUD-MF-V5-013,Putting mindfulness into daily life,"Mindfulness does not need to be saved for a special meditation session. You can practice it in small moments: before checking your phone, while sitting down, while walking, or when tinnitus first grabs your attention. If tinnitus appears, acknowledge it gently: “I hear that ringing.” Then expand attention to the body, the room, the breath, or the activity in front of you.",20-30 sec,20-45 sec,62,Manual next; stop at end. Autoplay optional in settings and default off.,Expanded,Current Education Text -> Audio Transcript
Mindfulness,14,Responding instead of reacting,AUD-MF-V5-014,Responding instead of reacting,"A mindful pause gives you a moment to respond rather than react. That pause may be one breath, one label, or one shift of attention. The goal is not to make tinnitus disappear in that moment. The goal is to keep the sound from automatically deciding your mood, your behavior, or the next hour of your day.",20-30 sec,20-45 sec,57,Manual next; stop at end. Autoplay optional in settings and default off.,Expanded,Current Education Text -> Audio Transcript
Mindfulness,15,How mindfulness connects to the bigger picture,AUD-MF-V5-015,How mindfulness connects to the bigger picture,"Mindfulness, similar to sound therapy, supports many of the other tools in this app. It strengthens acceptance by helping you observe tinnitus without immediate resistance. It supports sound therapy by helping you stay flexible whether background sound is present or not. It supports distress tolerance by giving you a pause button in difficult moments, and it supports cognitive reframing by helping you see thoughts as events in the mind rather than facts that must be obeyed.",20-30 sec,20-45 sec,76,Manual next; stop at end. Autoplay optional in settings and default off.,Expanded,Edited Education Text -> Audio Transcript
Mindfulness,16,FAQ: Will mindfulness make me focus on tinnitus more?,AUD-MF-V5-016,FAQ: Will mindfulness make me focus on tinnitus more?,"At first, mindfulness may make you more aware of tinnitus because you are practicing noticing. That does not mean you are doing it wrong. The goal is to notice tinnitus alongside other experiences, not to stare at it mentally. With practice, awareness becomes broader and tinnitus tends to have less control over the whole moment.",20-30 sec,20-45 sec,55,Manual next; stop at end. Autoplay optional in settings and default off.,Collapsed,Current Education Text -> Audio Transcript
Mindfulness,17,FAQ: Do I need silence?,AUD-MF-V5-017,FAQ: Do I need silence?,"No. Mindfulness can happen with traffic, fans, appliances, conversation, music, or sound therapy in the background. Everyday sound can help anchor attention. Tinnitus can be included in awareness without becoming the only sound that matters.",20-30 sec,<20 sec,35,Manual next; stop at end. Autoplay optional in settings and default off.,Collapsed,Current Education Text -> Audio Transcript
Mindfulness,18,FAQ: Is mindfulness relaxation?,AUD-MF-V5-018,FAQ: Is mindfulness relaxation?,"Mindfulness and relaxation can overlap, but mindfulness is broader. You may feel calmer, but the main skill is learning to observe your experience and let go of harsh judgments. Sometimes you will practice mindfulness during a calm moment. Other times you will practice it while you are uncomfortable.",20-30 sec,20-45 sec,48,Manual next; stop at end. Autoplay optional in settings and default off.,Collapsed,Current Education Text -> Audio Transcript
Mindfulness,19,FAQ: How long do I need to practice?,AUD-MF-V5-019,FAQ: How long do I need to practice?,"You do not need to meditate for long periods every day for mindfulness to matter. Short, frequent practices can build the same kind of skill. One breath, one minute of listening, or a brief 3-2-1 senses check-in can be enough to practice returning to the present moment.",20-30 sec,<20 sec,47,Manual next; stop at end. Autoplay optional in settings and default off.,Collapsed,Edited Education Text -> Audio Transcript
Mindfulness,20,Exercise: Mindful Listening in Everyday Activity,AUD-MF-V5-020,Exercise: Mindful Listening in Everyday Activity,"Mindful Listening helps you practice broad awareness during something ordinary, such as washing dishes, walking, or sitting with a cup of tea. Begin the activity with a slow breath. Notice all the sounds you can hear: water, footsteps, traffic, birds, the hum of a room, and tinnitus if it is present. If you notice tinnitus, label it neutrally as “ringing,” then gently widen attention to the rest of the sound environment.",20-30 sec,20-45 sec,71,Manual next; stop at end. Autoplay optional in settings and default off.,Expanded,Current Education Text -> Audio Transcript
Mindfulness,21,Reflect after mindful listening,AUD-MF-V5-021,Reflect after mindful listening,"After a minute or two, pause and ask what changed. Did noticing other sounds shift your experience of tinnitus? Did your body or mood feel any different before and after the practice? There is no perfect answer. The point is to notice whether attention can widen, even briefly.",20-30 sec,20-45 sec,48,Manual next; stop at end. Autoplay optional in settings and default off.,Expanded,Current Education Text -> Audio Transcript
Mindfulness,22,Exercise: Sound Shifting Practice,AUD-MF-V5-022,Exercise: Sound Shifting Practice,"Sound Shifting trains attention to move instead of getting locked onto one sound. Set a short timer for two to five minutes. Begin by gently noticing tinnitus for 15 to 20 seconds. Notice thoughts or feelings that arise, and label them simply as “thought” or “feeling.” Then shift attention to another sound, such as a fan, traffic, music, or your breathing. Continue moving back and forth in short intervals.",20-30 sec,20-45 sec,69,Manual next; stop at end. Autoplay optional in settings and default off.,Expanded,Current Education Text -> Audio Transcript
Mindfulness,23,Reflect after sound shifting,AUD-MF-V5-023,Reflect after sound shifting,"When the timer ends, ask how it felt to switch your attention on purpose. Did any emotions shift during the exercise? Did tinnitus feel different after attention moved away and returned? The goal is not to like tinnitus. The goal is to practice directing awareness rather than feeling stuck.",20-30 sec,20-45 sec,49,Manual next; stop at end. Autoplay optional in settings and default off.,Expanded,Current Education Text -> Audio Transcript
Mindfulness,24,Tips for sound shifting,AUD-MF-V5-024,Tips for sound shifting,"Stay neutral when frustration appears. You can mentally note “frustration”, feel it, and try not to suppress it, and then continue. Keep the practice short at first; two or three rounds may be enough. As you become more comfortable, you can lengthen the timer or include more external sounds. You are building flexibility, not testing endurance.",20-30 sec,20-45 sec,56,Manual next; stop at end. Autoplay optional in settings and default off.,Collapsed,Edited Education Text -> Audio Transcript
Mindfulness,25,When mindfulness feels hard,AUD-MF-V5-025,When mindfulness feels hard,"Sometimes mindfulness will feel difficult, especially if tinnitus is loud or you are already distressed. That does not mean mindfulness is wrong for you. Make the practice smaller. Add comfortable sound. Use 3-2-1 senses instead of a longer exercise. If you feel overwhelmed, switch to distress tolerance tools first and come back to mindfulness later.",20-30 sec,20-45 sec,55,Manual next; stop at end. Autoplay optional in settings and default off.,Expanded,Current Education Text -> Audio Transcript
Mindfulness,26,Main points,AUD-MF-V5-026,Main points,"Mindfulness helps you notice tinnitus without being ruled by it. It is not about erasing the sound, but changing the response to it. Short, regular practices can interrupt thought loops and support tools like sound therapy, acceptance, distress tolerance, and cognitive reframing. Being present can reduce fear when tinnitus changes or feels louder.",20-30 sec,20-45 sec,53,Manual next; stop at end. Autoplay optional in settings and default off.,Expanded,Current Education Text -> Audio Transcript
Mindfulness,27,Your mindfulness plan,AUD-MF-V5-027,Your mindfulness plan,"Before you move on, choose one small way to include mindfulness in your routine. It might be one breath in the morning, a 3-2-1 senses check-in during the day, mindful listening during a daily task, or sound shifting when tinnitus feels sticky. Write a reminder to be patient with yourself. This skill grows through practice, not perfection.",20-30 sec,20-45 sec,57,Manual next; stop at end. Autoplay optional in settings and default off.,Expanded,Current Education Text -> Audio Transcript
Mindfulness,28,Scope and safety,AUD-MF-V5-028,Scope and safety,"This section offers education and self-guided practice. It is not therapy, medical advice, or crisis support. If mindfulness increases distress, shorten the practice, add comfortable sound, or switch to grounding. If you feel unsafe or in a mental health crisis, do not rely on the app; seek immediate support from emergency services, crisis resources, or a qualified professional.",20-30 sec,20-45 sec,58,Manual next; stop at end. Autoplay optional in settings and default off.,Collapsed,Current Education Text -> Audio Transcript
Distress Tolerance,1,Tools for intense tinnitus moments,DT-500-INTRO,Tools for intense tinnitus moments,"Distress tolerance is about what to do when tinnitus suddenly feels overwhelming. These skills are not meant to erase tinnitus or solve the whole problem in one move. Their purpose is to help you stay grounded, slow the spiral, and avoid reacting in a way that makes the moment harder. When tinnitus feels like it is pulling all of your attention, distress tolerance gives you a short-term bridge back to steadier thinking.",30-45 sec,20-45 sec,72,Manual next; stop at end. Autoplay optional in settings and default off.,Expanded,Current Education Text -> Audio Transcript
Distress Tolerance,2,What you will learn in this section,DT-501-OBJECTIVES,What you will learn in this section,"In this section, you will learn quick skills you can use when tinnitus feels intense. You will practice naming a fluctuation without assuming it is permanent, pausing before reacting, using your body to calm your nervous system, and choosing a response that supports your long-term well-being. The goal is not to never feel distress. The goal is to have a plan for what to do when distress shows up.",30-45 sec,20-45 sec,69,Manual next; stop at end. Autoplay optional in settings and default off.,Expanded,Current Education Text -> Audio Transcript
Distress Tolerance,3,"Managing distress, not eliminating it",DT-502-MANAGE-NOT-ELIMINATE,"Managing distress, not eliminating it","Distress tolerance focuses on managing emotional overwhelm in the short term. This matters for tinnitus because sudden changes in loudness, pitch, or intrusiveness can trigger panic, frustration, or a rush to do something drastic. In those moments, trying to force tinnitus away can make your attention narrow even more. Distress tolerance gives you a way to lower the intensity of the moment first, so you can decide what to do next with a clearer mind.",45-60 sec,20-45 sec,75,Manual next; stop at end. Autoplay optional in settings and default off.,Expanded,Current Education Text -> Audio Transcript
Distress Tolerance,4,Why panic makes tinnitus feel bigger,DT-503-PANIC-LOOP,Why panic makes tinnitus feel bigger,"When you feel panicked about tinnitus, your brain pays closer attention to the sound. That extra attention can make tinnitus feel louder, sharper, or more threatening, even if the signal itself has not changed much. Distress tolerance interrupts this loop. A cold splash of water, a pause, a breath, or a short movement break gives your body another high-priority signal and gives your mind a chance to stop chasing the alarm.",30-45 sec,20-45 sec,71,Manual next; stop at end. Autoplay optional in settings and default off.,Expanded,Edited Education Text -> Audio Transcript
Distress Tolerance,5,"Use the word fluctuation, not spike",DT-504-FLUCTUATION,"Use the word fluctuation, not spike","Language matters. The word spike can make a tinnitus change sound like a permanent emergency. The word fluctuation is more neutral. It reminds you that tinnitus can move up and down, shift in tone, and feel more or less intrusive depending on the day, the body, stress, sleep, attention, and environment. A difficult fluctuation can still be unpleasant, but naming it as a fluctuation helps reduce the automatic fear that it will stay this way forever.",45-60 sec,20-45 sec,76,Manual next; stop at end. Autoplay optional in settings and default off.,Expanded,Current Education Text -> Audio Transcript
Distress Tolerance,6,Distress tolerance is a short-term safety valve,DT-505-SAFETY-VALVE,Distress tolerance is a short-term safety valve,"Distress tolerance is different from longer-term tools like cognitive reframing or acceptance work. It does not try to change your core beliefs about tinnitus in the middle of a hard moment. It gives you a safety valve. Once your body and mind are less activated, then you can decide whether to use sound therapy, mindfulness, a thought record, a communication skill, or simply return to what you were doing.",30-45 sec,20-45 sec,69,Manual next; stop at end. Autoplay optional in settings and default off.,Expanded,Current Education Text -> Audio Transcript
Distress Tolerance,7,When distress becomes a safety concern,DT-506-SAFETY-BOUNDARY,When distress becomes a safety concern,"Distress tolerance skills are useful for intense tinnitus distress, but they are not a crisis plan. If you feel unsafe, feel at risk of harming yourself, or are in a mental health crisis, do not rely on this app as your only support. Seek immediate help through emergency services, crisis resources, or a qualified professional. These skills can be part of a broader plan, but safety comes first.",30-45 sec,20-45 sec,68,Manual next; stop at end. Autoplay optional in settings and default off.,Collapsed,Current Education Text -> Audio Transcript
Distress Tolerance,8,Important terms,DT-507-TERMS-OVERVIEW,Important terms,"A few terms will come up throughout this section. Distress tolerance means using skills to cope with intense emotions in the short term without making the situation worse. STOP is a quick pause-and-choose skill. TIPP is a group of body-based tools that can lower emotional intensity. Fluctuation is a neutral word for tinnitus changes, reminding you that a difficult sound moment is not automatically a permanent escalation.",45-60 sec,20-45 sec,67,Manual next; stop at end. Autoplay optional in settings and default off.,Collapsed,Current Education Text -> Audio Transcript
Distress Tolerance,9,STOP: pause before reacting,DT-508-STOP-TERM,STOP: pause before reacting,"The STOP skill gives you a way to insert a pause between noticing tinnitus distress and reacting to it. Stop. Take a step back. Observe what is happening in your body, thoughts, emotions, and urges. Then proceed mindfully by choosing a response that supports you. STOP is useful because tinnitus distress often grows when the first reaction takes over before you have a chance to think.",30-45 sec,20-45 sec,66,Manual next; stop at end. Autoplay optional in settings and default off.,Expanded,Current Education Text -> Audio Transcript
Distress Tolerance,10,TIPP: use the body to calm the mind,DT-509-TIPP-TERM,TIPP: use the body to calm the mind,"TIPP stands for Temperature, Intense movement, Paced breathing, and Paired muscle relaxation. These skills target the body’s stress response. When tinnitus distress pushes you into fight-or-flight mode, changing your physical state can help your mind come back online. The goal is not pain, exhaustion, or pushing your body too hard. The goal is safe, noticeable body-based regulation.",45-60 sec,20-45 sec,57,Manual next; stop at end. Autoplay optional in settings and default off.,Expanded,Edited Education Text -> Audio Transcript
Distress Tolerance,11,Practice before the tornado,DT-510-PRACTICE-EARLY,Practice before the tornado,Distress tolerance works best when you practice it before the hardest moment. Try STOP when you feel impatient in traffic. Practice paced breathing when you are mildly stressed. Notice what happens when you use cold water or a short movement break during a smaller frustration. Rehearsing these skills in ordinary moments makes them easier to find when tinnitus feels much more intense.,45-60 sec,20-45 sec,62,Manual next; stop at end. Autoplay optional in settings and default off.,Expanded,Current Education Text -> Audio Transcript
Distress Tolerance,12,From “fix this now” to “I can handle this moment”,DT-511-HANDLE-THIS-MOMENT,From “fix this now” to “I can handle this moment”,"A difficult tinnitus moment can create the feeling that something must be fixed immediately. Distress tolerance shifts the goal. Instead of demanding that tinnitus disappear right now, the goal becomes: I can handle this moment without making it worse. That shift matters. It lets you take the next useful step, whether that is sound therapy, a walk, a breathing practice, a call to someone supportive, or returning to an activity you care about.",45-60 sec,20-45 sec,73,Manual next; stop at end. Autoplay optional in settings and default off.,Expanded,Edited Education Text -> Audio Transcript
Distress Tolerance,13,Mini-exercise: Grab an ice cube,DT-512-ICE-CUBE,Mini-exercise: Grab an ice cube,"Temperature can pull attention back into the body quickly. One simple version is holding a small ice cube for a short time and noticing the cold, the water, and the changing sensation. The goal is not pain. The goal is to give your nervous system a clear, safe, high-priority sensation so your mind has a moment to step out of the tinnitus spiral. If it becomes painful or unsafe, stop.",45-60 sec,20-45 sec,70,Manual next; stop at end. Autoplay optional in settings and default off.,Expanded,Current Education Text -> Audio Transcript
Distress Tolerance,14,Another sensory option: frozen orange grounding,DT-513-FROZEN-ORANGE,Another sensory option: frozen orange grounding,"Some people like a sensory grounding object that changes over time. A frozen orange can offer cold, texture, scent, and movement as it warms in your hand. You might notice frost, the peel, the citrus smell, or the way the surface softens. This can feel like a strange suggestion, but it gets your mind out of focusing on tinnitus. It is simply another way to give attention a safe, concrete place to land when tinnitus-related thoughts are spinning.",45-60 sec,20-45 sec,78,Manual next; stop at end. Autoplay optional in settings and default off.,Collapsed,Edited Education Text -> Audio Transcript
Distress Tolerance,15,Exercise: Take a pause before reacting,DT-514-STOP-EXERCISE-INTRO,Exercise: Take a pause before reacting,"When tinnitus fluctuates, it is easy to react immediately with frustration or panic. The STOP exercise helps you pause, assess what is happening, and choose a response that is more likely to help. Instead of being caught in the first automatic reaction, you give yourself a few seconds of space. That space can be enough to keep the moment from becoming larger than it needs to be.",45-60 sec,20-45 sec,67,Manual next; stop at end. Autoplay optional in settings and default off.,Expanded,Current Education Text -> Audio Transcript
Distress Tolerance,16,STOP steps,DT-515-STOP-STEPS,STOP steps,"Start by mentally saying “Stop.” Then take a step back, either by changing your posture, taking a breath, or briefly moving to another space. Observe what is happening in your body and mind: emotions, thoughts, physical sensations, and urges. Then proceed mindfully. Ask, what response will help me in the long term? That might mean using a skill, continuing your activity, or choosing a small supportive action.",45-60 sec,20-45 sec,67,Manual next; stop at end. Autoplay optional in settings and default off.,Expanded,Current Education Text -> Audio Transcript
Distress Tolerance,17,Exercise: Use your body to calm your mind,DT-516-TIPP-EXERCISE-INTRO,Exercise: Use your body to calm your mind,"When tinnitus distress is high, your body may act as if there is a threat. Your heart may race, your breathing may change, and your attention may lock onto the sound. TIPP skills work through the body. They do not argue with the mind. They change the physical state enough to help you feel more in control.",30-45 sec,20-45 sec,57,Manual next; stop at end. Autoplay optional in settings and default off.,Expanded,Current Education Text -> Audio Transcript
Distress Tolerance,18,TIPP: Temperature,DT-517-TIPP-TEMPERATURE,TIPP: Temperature,"Temperature means using a safe, noticeable temperature change to shift the body’s stress response. You might splash cool water on your face, hold a cool cloth, or briefly place your hands in cool water. The goal is not to cause pain through the cold. The goal is to create a strong enough sensation that your body and mind pause the alarm loop.",30-45 sec,20-45 sec,62,Manual next; stop at end. Autoplay optional in settings and default off.,Expanded,Edited Education Text -> Audio Transcript
Distress Tolerance,19,"TIPP: Intense movement, when appropriate",DT-518-TIPP-MOVEMENT,"TIPP: Intense movement, when appropriate","Intense movement means a brief burst of safe physical activity, such as marching in place, a few squats, jumping jacks, or a short walk. This is not a workout plan and it is not appropriate for every body or every situation. The idea is to burn off some stress energy and help the nervous system reset. Choose an option that is safe for you.",30-45 sec,20-45 sec,64,Manual next; stop at end. Autoplay optional in settings and default off.,Expanded,Current Education Text -> Audio Transcript
Distress Tolerance,20,TIPP: Paced breathing,DT-519-TIPP-BREATHING,TIPP: Paced breathing,Paced breathing slows the rhythm of the body. One simple pattern is to breathe in for about four seconds and breathe out for six to eight seconds. The longer exhale helps signal that your body does not need to stay in full alarm mode. You do not have to make the breath perfect. A few slower breaths can be enough to create a little space.,30-45 sec,20-45 sec,65,Manual next; stop at end. Autoplay optional in settings and default off.,Expanded,Current Education Text -> Audio Transcript
Distress Tolerance,21,TIPP: Paired muscle relaxation,DT-520-TIPP-MUSCLE,TIPP: Paired muscle relaxation,"Paired muscle relaxation means gently tensing and releasing a muscle group while pairing the release with a slower breath. You might raise your shoulders slightly, hold for a few seconds, and then let them drop as you exhale. The contrast between tension and release can help your body recognize that it does not need to stay braced.",30-45 sec,20-45 sec,57,Manual next; stop at end. Autoplay optional in settings and default off.,Expanded,Current Education Text -> Audio Transcript
Distress Tolerance,22,How distress tolerance connects to the bigger picture,DT-521-BIGGER-PICTURE,How distress tolerance connects to the bigger picture,"Distress tolerance sits between mindfulness and cognitive reframing. Mindfulness helps you notice what is happening. Distress tolerance helps when the intensity is too high to think clearly. Once the tornado slows down, cognitive reframing can help you look at the thoughts that made the moment feel even worse. This section also connects to acceptance: even if you cannot change tinnitus right now, you can change how you respond to the moment.",60-90 sec,20-45 sec,71,Manual next; stop at end. Autoplay optional in settings and default off.,Expanded,Current Education Text -> Audio Transcript
Distress Tolerance,23,FAQ: Will these skills make tinnitus quieter?,DT-522-FAQ-LOUDNESS,FAQ: Will these skills make tinnitus quieter?,"Distress tolerance skills do not directly change the tinnitus sound. Their job is to lower the emotional reaction that makes the sound feel unmanageable. When the body and mind are less alarmed, tinnitus may feel less dominating, even if the sound itself is still present.",30-45 sec,<20 sec,45,Manual next; stop at end. Autoplay optional in settings and default off.,Collapsed,Edited Education Text -> Audio Transcript
Distress Tolerance,24,FAQ: What if I forget the skills when I am upset?,DT-523-FAQ-FORGET,FAQ: What if I forget the skills when I am upset?,That is common. Skills are hardest to remember when distress is highest. Practice them during smaller frustrations so they become familiar. You can also keep a short reminder in My Plan or use the Distress Tolerance section as a quick reference. The goal is not perfect use. The goal is to build a response you can find more easily over time.,30-45 sec,20-45 sec,61,Manual next; stop at end. Autoplay optional in settings and default off.,Collapsed,Current Education Text -> Audio Transcript
Distress Tolerance,25,FAQ: Is this just avoidance?,DT-524-FAQ-AVOIDANCE,FAQ: Is this just avoidance?,"Distress tolerance is not meant to be a way of avoiding tinnitus forever. It is a temporary stabilizing step. Once you are calmer, you can return to the bigger tools: sound therapy, mindfulness, acceptance, cognitive reframing, communication, or sleep support. The purpose is to prevent a hard moment from becoming a bigger spiral.",30-45 sec,20-45 sec,53,Manual next; stop at end. Autoplay optional in settings and default off.,Collapsed,Current Education Text -> Audio Transcript
Distress Tolerance,26,Main points,DT-525-MAIN-POINTS,Main points,"Distress tolerance helps you manage emotional overwhelm when tinnitus feels unmanageable. Skills like STOP and TIPP help you pause, settle the body, and respond more calmly. Using the word fluctuation can reduce catastrophic fear. Practicing these skills before crisis-level distress makes them more available when you need them. Distress tolerance works alongside mindfulness and cognitive reframing so you can handle difficult moments with more control.",45-60 sec,20-45 sec,65,Manual next; stop at end. Autoplay optional in settings and default off.,Expanded,Current Education Text -> Audio Transcript
Distress Tolerance,27,Your distress tolerance plan,DT-526-DISTRESS-PLAN,Your distress tolerance plan,"Before you move on, choose one small way to bring distress tolerance into your routine. You might practice STOP once today, try paced breathing before bed, or write down which TIPP skill feels safest and most realistic for you. Then write one reminder to be patient with yourself. These skills become stronger through repetition, not perfection.",45-60 sec,20-45 sec,56,Manual next; stop at end. Autoplay optional in settings and default off.,Expanded,Current Education Text -> Audio Transcript
Distress Tolerance,28,Use safe options for your body and situation,DT-527-BODY-SAFETY,Use safe options for your body and situation,"Temperature, movement, breathing, and muscle relaxation should be used safely. Do not push into pain, unsafe exercise, breath-holding that feels wrong for you, or temperature exposure that could cause harm. If you have medical concerns about cold exposure, exercise, breathing practices, or muscle tension, choose a gentler option or seek professional guidance.",30-45 sec,20-45 sec,52,Manual next; stop at end. Autoplay optional in settings and default off.,Collapsed,Current Education Text -> Audio Transcript
Cognitive Reframing,1,Cognitive Reframing: Challenging Negative Thought Patterns,AUD-CR-01,Cognitive Reframing: Challenging Negative Thought Patterns,"When tinnitus or sound sensitivity feels intense, the mind can jump quickly to conclusions: “This will ruin my whole day,” “I cannot handle any noise,” or “Nothing will ever get better.” Cognitive reframing helps you slow that process down. The goal is not to pretend tinnitus is easy or to force positive thinking. The goal is to notice the thought, check whether it is accurate, and build a more balanced response.",20-45 sec,20-45 sec,71,Manual next; stop at end. Autoplay optional in settings and default off.,Expanded,Current Education Text -> Audio Transcript
Cognitive Reframing,2,What You’ll Learn in This Section,AUD-CR-02,What You’ll Learn in This Section,"In this section, you will learn how to spot recurring tinnitus-related thought patterns, test distressing thoughts with evidence, and reframe them into statements that are more accurate and workable. You will also see how these skills can apply beyond tinnitus, including work stress, relationships, sleep concerns, and other moments when the mind jumps to worst-case conclusions.",20-45 sec,20-45 sec,56,Manual next; stop at end. Autoplay optional in settings and default off.,Expanded,Current Education Text -> Audio Transcript
Cognitive Reframing,3,Why Tinnitus Thoughts Can Move So Fast,AUD-CR-03,Why Tinnitus Thoughts Can Move So Fast,"When tinnitus flares or sound sensitivity is triggered, your thoughts may move faster than your ability to evaluate them. A sound moment can become a story: “This is unbearable,” “I am powerless,” or “My day is over.” Those thoughts can increase anxiety or hopelessness, which can then lead to avoidance, checking, withdrawal, or frantic searching for relief. The sound may be real, but the story your mind adds can make the distress much larger.",20-45 sec,20-45 sec,74,Manual next; stop at end. Autoplay optional in settings and default off.,Expanded,Current Education Text -> Audio Transcript
Cognitive Reframing,4,"The Thoughts, Feelings, and Behaviors Loop",AUD-CR-04,"The Thoughts, Feelings, and Behaviors Loop","Cognitive behavioral therapy often describes a loop between what we think, how we feel, and what we do. With tinnitus, the loop might start with noticing the sound. That leads to a thought such as, “Today is going to be terrible.” That thought creates dread, and the dread may lead you to cancel plans, check tinnitus repeatedly, or search for a quick fix. Those behaviors then reinforce the next thought. Reframing gives you an off-ramp in that loop.",20-45 sec,20-45 sec,78,Manual next; stop at end. Autoplay optional in settings and default off.,Expanded,Current Education Text -> Audio Transcript
Cognitive Reframing,5,Reality-Checking Your Mind,AUD-CR-05,Reality-Checking Your Mind,"Think of cognitive restructuring as reality-checking your mind. First, identify the distressing thought. Next, ask whether the thought is fully accurate or whether it is leaving out evidence. Then create a more balanced statement. For example, “This ringing is awful, so my day is ruined” might become, “This moment is difficult, and I have had difficult tinnitus moments before without the entire day being lost.”",20-45 sec,20-45 sec,65,Manual next; stop at end. Autoplay optional in settings and default off.,Expanded,Current Education Text -> Audio Transcript
Cognitive Reframing,6,Pause and Look Back on a Quick Reaction,AUD-CR-06,Pause and Look Back on a Quick Reaction,"A helpful way to understand reframing is to remember a time when you reacted quickly, then later saw the situation differently. Think of a recent tinnitus moment when your reaction was immediate. How did it feel then? How does it feel now? Were your fears still fully accurate later? This kind of reflection shows that the first thought is not always the most complete thought.",20-45 sec,20-45 sec,65,Manual next; stop at end. Autoplay optional in settings and default off.,Expanded,Current Education Text -> Audio Transcript
Cognitive Reframing,7,"Accurate Thinking, Not Forced Positivity",AUD-CR-07,"Accurate Thinking, Not Forced Positivity","Cognitive restructuring is not about telling yourself that tinnitus is wonderful or that everything is fine. That would not be honest, and for many people it would not be believable. The goal is accuracy. “I will never have a good moment again” is usually too extreme. “Some days are hard, and I have also had moments where tinnitus bothered me less” is more balanced. That balance reduces the extra distress created by the thought.",20-45 sec,20-45 sec,74,Manual next; stop at end. Autoplay optional in settings and default off.,Expanded,Current Education Text -> Audio Transcript
Cognitive Reframing,8,Why Reframing Helps Even If the Sound Is Still There,AUD-CR-08,Why Reframing Helps Even If the Sound Is Still There,"Cognitive reframing may not change the tinnitus itself. Instead, it changes the stress loop around the sound. When the mind treats tinnitus as danger, failure, or a permanent disaster, distress grows. When the mind learns to test those meanings, the emotional reaction often becomes more manageable. Tinnitus can still be unpleasant, but it does not have to control every next step.",20-45 sec,20-45 sec,61,Manual next; stop at end. Autoplay optional in settings and default off.,Expanded,Edited Education Text -> Audio Transcript
Cognitive Reframing,9,Using the Same Skill with Sound Sensitivity,AUD-CR-09,Using the Same Skill with Sound Sensitivity,"The same pattern can happen with sound sensitivity. A sound may feel uncomfortable, and the mind may quickly jump to “I cannot handle any noise” or “I have to avoid everything.” Sometimes caution is appropriate, especially around painful or unsafe sound. But reframing helps you separate reasonable protection from a story that makes life smaller than it needs to be.",20-45 sec,20-45 sec,60,Manual next; stop at end. Autoplay optional in settings and default off.,Expanded,Edited Education Text -> Audio Transcript
Cognitive Reframing,10,Example: A Loud Tinnitus Morning,AUD-CR-10,Example: A Loud Tinnitus Morning,"A common thought is, “My tinnitus is loud this morning, so today will be terrible.” That thought feels like it makes sense in the moment, but it is not guaranteed. You may have had loud tinnitus before and still had a meaningful, productive, or even good day. A more balanced statement might be, “This morning is difficult, and I can use my tools while I see how the day unfolds.”",20-45 sec,20-45 sec,70,Manual next; stop at end. Autoplay optional in settings and default off.,Expanded,Edited Education Text -> Audio Transcript
Cognitive Reframing,11,Term: Cognitive Restructuring,AUD-CR-11,Term: Cognitive Restructuring,"Cognitive restructuring is a step-by-step way to identify and challenge negative thoughts. Rather than “think positive,” it asks you to think accurately, using real evidence from your own experience.",20-45 sec,<20 sec,29,Manual next; stop at end. Autoplay optional in settings and default off.,Collapsed term drawer,Current Education Text -> Audio Transcript
Cognitive Reframing,12,Term: Distorted Thought,AUD-CR-12,Term: Distorted Thought,"A distorted thought is an unhelpful or exaggerated belief. Examples include “I can’t cope with any noise,” “This will never improve,” or “Everyone thinks I am overreacting.” These thoughts can feel true before they have been checked.",20-45 sec,<20 sec,37,Manual next; stop at end. Autoplay optional in settings and default off.,Collapsed term drawer,Current Education Text -> Audio Transcript
Cognitive Reframing,13,Term: Reframing,AUD-CR-13,Term: Reframing,"Reframing means shifting a rigid or negative view into a more balanced one. “This tinnitus ruins everything” might become, “This is unpleasant, and it does not have to decide everything I do today.”",20-45 sec,<20 sec,33,Manual next; stop at end. Autoplay optional in settings and default off.,Collapsed term drawer,Current Education Text -> Audio Transcript
Cognitive Reframing,14,Term: Behavioral Experiment,AUD-CR-14,Term: Behavioral Experiment,"A behavioral experiment is a small real-world test of a thought. If your thought is, “I cannot sit in a coffee shop,” a small experiment might be visiting briefly, using a sound strategy, and noticing what actually happens. The goal is to gather evidence, not to force yourself into distress.",20-45 sec,20-45 sec,50,Manual next; stop at end. Autoplay optional in settings and default off.,Collapsed term drawer,Current Education Text -> Audio Transcript
Cognitive Reframing,15,Start with Small Thought Moments,AUD-CR-15,Start with Small Thought Moments,"Cognitive reframing works best when it is practiced in real life. Start with a small moment: “I will never get through this meeting,” “This sound is too much,” or “I am failing at tinnitus management.” Write the thought down, check the facts, and create a more balanced statement. Over time, the skill becomes less like a worksheet and more like a mental pause you can use in the moment.",20-45 sec,20-45 sec,69,Manual next; stop at end. Autoplay optional in settings and default off.,Expanded,Current Education Text -> Audio Transcript
Cognitive Reframing,16,You Will Miss Most Thoughts at First,AUD-CR-16,You Will Miss Most Thoughts at First,"At the beginning, you may miss most automatic thoughts until after the moment has passed. That is normal. The first goal is not to catch every thought. The goal is to notice one pattern that you would have missed before. If you catch one out of twenty, that is progress, because the pattern is becoming visible.",20-45 sec,20-45 sec,56,Manual next; stop at end. Autoplay optional in settings and default off.,Expanded,Current Education Text -> Audio Transcript
Cognitive Reframing,17,The Cognitive Distortion Library,AUD-CR-17,The Cognitive Distortion Library,"Cognitive distortions are common thinking shortcuts. They are not signs that you are doing something wrong; they are patterns to notice. Naming the pattern gives you a little distance from it. You do not need to pick the perfect label. If the label helps you pause and question the thought, it has done its job.",20-45 sec,20-45 sec,55,Manual next; stop at end. Autoplay optional in settings and default off.,Expanded,Current Education Text -> Audio Transcript
Cognitive Reframing,18,All-or-Nothing Thinking,AUD-CR-18,All-or-Nothing Thinking,"All-or-nothing thinking turns a complicated situation into two choices: perfect or ruined. With tinnitus, this might sound like, “If my tinnitus does not go away completely, my life will be ruined.” A more balanced view looks for the middle ground: life may be harder right now, and it can still contain useful, meaningful, or manageable moments.",20-45 sec,20-45 sec,56,Manual next; stop at end. Autoplay optional in settings and default off.,Collapsed distortion card,Current Education Text -> Audio Transcript
Cognitive Reframing,19,Overgeneralization,AUD-CR-19,Overgeneralization,"Overgeneralization takes one moment and stretches it too far. “My tinnitus was loud today, so it will be like this every day” is a prediction based on limited evidence. Reframing asks what else you know from experience: tinnitus often changes, and one day does not prove the future.",20-45 sec,20-45 sec,48,Manual next; stop at end. Autoplay optional in settings and default off.,Collapsed distortion card,Current Education Text -> Audio Transcript
Cognitive Reframing,20,Filtering,AUD-CR-20,Filtering,Filtering means the mind locks onto the distressing evidence and filters out everything else. You might dismiss a good day because today is harder. Reframing does not deny today’s difficulty; it asks you to include the fuller picture.,20-45 sec,<20 sec,38,Manual next; stop at end. Autoplay optional in settings and default off.,Collapsed distortion card,Current Education Text -> Audio Transcript
Cognitive Reframing,21,Mind Reading,AUD-CR-21,Mind Reading,"Mind reading happens when you assume you know what others think. With tinnitus, it may sound like, “People think I am overreacting.” Sometimes people may not understand, but that is different from knowing what they think. Reframing asks what evidence you actually have and whether communication could help.",20-45 sec,20-45 sec,48,Manual next; stop at end. Autoplay optional in settings and default off.,Collapsed distortion card,Current Education Text -> Audio Transcript
Cognitive Reframing,22,Minimizing,AUD-CR-22,Minimizing,"Minimizing downplays progress. If you used sound therapy, practiced breathing, went to dinner, or had a quieter hour, that matters. The improvement may not be perfect, but it is still evidence that your choices can influence the experience.",20-45 sec,<20 sec,38,Manual next; stop at end. Autoplay optional in settings and default off.,Collapsed distortion card,Current Education Text -> Audio Transcript
Cognitive Reframing,23,Catastrophizing,AUD-CR-23,Catastrophizing,"Catastrophizing turns a hard moment into a disaster story. “My tinnitus will only get worse, and I will never handle it” may feel convincing when distress is high. Reframing asks whether the evidence truly proves that outcome, and what a more grounded next thought could be.",20-45 sec,<20 sec,46,Manual next; stop at end. Autoplay optional in settings and default off.,Collapsed distortion card,Current Education Text -> Audio Transcript
Cognitive Reframing,24,Control Fallacies,AUD-CR-24,Control Fallacies,"Control fallacies make it feel like you have either total control or no control at all. Tinnitus management usually lives in the middle. You may not control every sound moment, but you can influence your sound environment, attention, routines, and response.",20-45 sec,<20 sec,41,Manual next; stop at end. Autoplay optional in settings and default off.,Collapsed distortion card,Current Education Text -> Audio Transcript
Cognitive Reframing,25,Heaven’s Reward Fallacy,AUD-CR-25,Heaven’s Reward Fallacy,"Heaven’s reward fallacy is the belief that suffering harder will eventually pay off by itself. Enduring tinnitus without using tools does not necessarily make it improve faster. A more useful question is, “What action actually supports me today?”",20-45 sec,<20 sec,38,Manual next; stop at end. Autoplay optional in settings and default off.,Collapsed distortion card,Current Education Text -> Audio Transcript
Cognitive Reframing,26,Labeling,AUD-CR-26,Labeling,Labeling turns a struggle into an identity. “I am having a hard tinnitus day” is very different from “I am a failure.” Reframing helps separate the difficulty of the moment from your worth as a person.,20-45 sec,<20 sec,36,Manual next; stop at end. Autoplay optional in settings and default off.,Collapsed distortion card,Current Education Text -> Audio Transcript
Cognitive Reframing,27,Personalization,AUD-CR-27,Personalization,"Personalization puts all the blame on you, even when the situation is more complicated. You may wish you had done something differently in the past, but self-blame usually does not guide the next useful step. Reframing helps separate responsibility, regret, and self-attack.",20-45 sec,<20 sec,42,Manual next; stop at end. Autoplay optional in settings and default off.,Collapsed distortion card,Current Education Text -> Audio Transcript
Cognitive Reframing,28,Exercise: Identifying and Naming Cognitive Distortions,AUD-CR-28,Exercise: Identifying and Naming Cognitive Distortions,"When you notice a distressing tinnitus-related thought, write it down. Then choose the thinking pattern that seems closest. Ask what evidence supports the thought, what evidence contradicts it, and what a more balanced way to view the situation might be. You do not need the perfect label; you need enough distance to question the thought.",20-45 sec,20-45 sec,55,Manual next; stop at end. Autoplay optional in settings and default off.,Expanded,Current Education Text -> Audio Transcript
Cognitive Reframing,29,Exercise: Evidence For-and-Against,AUD-CR-29,Exercise: Evidence For-and-Against,"Choose one negative belief about tinnitus or sound sensitivity. Write the evidence that seems to support it, then the evidence that does not support it. Use both sides to create a more balanced statement. This exercise works because it turns a loud thought into something testable.",20-45 sec,<20 sec,46,Manual next; stop at end. Autoplay optional in settings and default off.,Expanded,Current Education Text -> Audio Transcript
Cognitive Reframing,30,Testing a Thought in Real Life,AUD-CR-30,Testing a Thought in Real Life,"Sometimes the next step is to test a thought gently. If you believe, “I cannot handle a social outing,” a small test might be attending for a limited time with a sound plan and an exit option. Afterward, you look at what actually happened. The purpose is not to prove yourself wrong by force; it is to gather real evidence in a manageable way.",20-45 sec,20-45 sec,64,Manual next; stop at end. Autoplay optional in settings and default off.,Collapsed More Detail,Edited Education Text -> Audio Transcript
Cognitive Reframing,31,How Reframing Connects to the Bigger Picture,AUD-CR-31,How Reframing Connects to the Bigger Picture,"Cognitive reframing works best when it is connected to the other tools. If distress is very high, start with distress tolerance to cool the moment down. Mindfulness helps you notice the thought before reacting. Acceptance helps you stop fighting reality long enough to choose a useful step. Reframing then asks whether the thought guiding that step is accurate enough to trust.",20-45 sec,20-45 sec,61,Manual next; stop at end. Autoplay optional in settings and default off.,Expanded,Current Education Text -> Audio Transcript
Cognitive Reframing,32,This Skill Can Spread Beyond Tinnitus,AUD-CR-32,This Skill Can Spread Beyond Tinnitus,"Many people first learn these patterns through tinnitus, then notice them elsewhere. The same catastrophizing that says tinnitus will ruin the day might also appear when your inbox is full, a relationship feels tense, or a project feels overwhelming. Once you recognize the pattern, you can use the same skill in more than one area of life.",20-45 sec,20-45 sec,57,Manual next; stop at end. Autoplay optional in settings and default off.,Expanded,Current Education Text -> Audio Transcript
Cognitive Reframing,33,FAQ: Is Cognitive Restructuring Forced Positivity?,AUD-CR-33,FAQ: Is Cognitive Restructuring Forced Positivity?,"No. Forced positivity would ask you to say something cheerful that you do not believe. Cognitive restructuring asks whether the thought is accurate, complete, and useful. You still acknowledge discomfort, but you do not let worst-case assumptions become the only story.",20-45 sec,<20 sec,41,Manual next; stop at end. Autoplay optional in settings and default off.,Collapsed FAQ,Current Education Text -> Audio Transcript
Cognitive Reframing,34,FAQ: How Do I Know If a Thought Is Distorted?,AUD-CR-34,FAQ: How Do I Know If a Thought Is Distorted?,"Look for extreme words like “always,” “never,” or “ruined.” Notice whether the thought predicts disaster without proof, ignores progress, or turns one moment into a conclusion about your whole future. If the thought feels urgent and absolute, it is worth checking.",20-45 sec,<20 sec,41,Manual next; stop at end. Autoplay optional in settings and default off.,Collapsed FAQ,Current Education Text -> Audio Transcript
Cognitive Reframing,35,FAQ: Will Reframing Silence My Tinnitus?,AUD-CR-35,FAQ: Will Reframing Silence My Tinnitus?,"Reframing does not silence tinnitus. It reduces the distress loop around tinnitus. The sound may still be present, but the meaning attached to the sound can become less threatening, which can make the experience easier to handle.",20-45 sec,<20 sec,37,Manual next; stop at end. Autoplay optional in settings and default off.,Collapsed FAQ,Current Education Text -> Audio Transcript
Cognitive Reframing,36,FAQ: Do I Have to Do a Thought Record Every Time?,AUD-CR-36,FAQ: Do I Have to Do a Thought Record Every Time?,"No. Thought records are training tools. At first, writing things down helps you learn the process. Later, you may be able to notice the pattern, check the evidence, and reframe the thought mentally. The written exercise is a way to build the skill.",20-45 sec,<20 sec,43,Manual next; stop at end. Autoplay optional in settings and default off.,Collapsed FAQ,Current Education Text -> Audio Transcript
Cognitive Reframing,37,Main Points,AUD-CR-37,Main Points,"Cognitive reframing helps you identify thoughts that make tinnitus distress larger. The goal is realistic thinking, not forced optimism. You can check evidence for and against a thought, name common distortion patterns, and build a more balanced response. With practice, this becomes a flexible skill that can help with tinnitus and other stressful parts of life.",20-45 sec,20-45 sec,56,Manual next; stop at end. Autoplay optional in settings and default off.,Collapsed summary,Current Education Text -> Audio Transcript
Cognitive Reframing,38,Your Cognitive Reframing Plan,AUD-CR-38,Your Cognitive Reframing Plan,"Before you move on, choose one small way to practice cognitive reframing this week. You might write down one tinnitus-related thought each day, practice one Evidence For-and-Against exercise, or simply watch for one repeated pattern like catastrophizing. Add a reminder to be patient with yourself while the skill develops.",20-45 sec,20-45 sec,49,Manual next; stop at end. Autoplay optional in settings and default off.,Expanded,Current Education Text -> Audio Transcript
Cognitive Reframing,39,When Thought Work Is Not the First Step,AUD-CR-39,When Thought Work Is Not the First Step,"If distress is extremely high, cognitive reframing may not be the first tool to use. Start with a grounding or distress tolerance skill until your mind has enough space to think. If you feel unsafe, are in a mental health crisis, or feel unable to care for yourself, do not rely on this app. Seek immediate support through emergency services, crisis resources, or a qualified professional.",20-45 sec,20-45 sec,66,Manual next; stop at end. Autoplay optional in settings and default off.,Collapsed safety/scope,Current Education Text -> Audio Transcript
Confidence and Communication,1,Supporting Yourself and Communicating Needs,CC-V5-001,Supporting Yourself and Communicating Needs,"Tinnitus can affect how you speak to yourself and how you communicate with the people around you. This section brings together two related skills: building a more supportive inner voice, and asking for what you need clearly and respectfully.",15-30 sec,<20 sec,39,Manual next; stop at end. Autoplay optional in settings and default off.,Header Card,Current Education Text -> Audio Transcript
Confidence and Communication,2,Why these topics fit together,CC-V5-002,Why these topics fit together,"Self-compassion and validation are the internal side of support. Interpersonal effectiveness is the external side. One helps you stop adding shame or self-blame to tinnitus, and the other helps you explain your needs without withdrawing, over-apologizing, or feeling like your experience does not matter.",15-30 sec,<20 sec,44,Manual next; stop at end. Autoplay optional in settings and default off.,Expanded,Edited Education Text -> Audio Transcript
Confidence and Communication,3,What you will learn in this section,CC-V5-003,What you will learn in this section,"By the end of this section, you should be able to notice self-critical thoughts, respond to yourself with more patience, validate that your tinnitus distress is real, and make a clear request when your sound environment or communication needs matter. You do not need to master every skill at once. The goal is to find one or two responses that help you stay connected to yourself and to others.",20-45 sec,20-45 sec,69,Manual next; stop at end. Autoplay optional in settings and default off.,Expanded,Current Education Text -> Audio Transcript
Confidence and Communication,4,When tinnitus turns into self-criticism,CC-V5-004,When tinnitus turns into self-criticism,"When tinnitus fluctuates, many people quickly turn frustration inward. Thoughts like “I should be able to ignore this,” “Why am I so weak?” or “I should be coping better” can add another layer of distress on top of the sound itself. Self-compassion does not pretend tinnitus is easy. It helps you respond to a hard moment without attacking yourself for having it.",20-45 sec,20-45 sec,62,Manual next; stop at end. Autoplay optional in settings and default off.,Expanded,Current Education Text -> Audio Transcript
Confidence and Communication,5,Self-compassion is not giving up,CC-V5-005,Self-compassion is not giving up,"Some people worry that being kind to themselves will make them passive. In practice, the opposite is often true. Harsh self-talk drains emotional energy. A more compassionate response gives you a steadier place to practice the tools you are learning: sound therapy, mindfulness, reframing, communication, and sleep support.",15-30 sec,20-45 sec,48,Manual next; stop at end. Autoplay optional in settings and default off.,Expanded,Current Education Text -> Audio Transcript
Confidence and Communication,6,The three parts of self-compassion,CC-V5-006,The three parts of self-compassion,"Self-compassion has three main parts. Self-kindness means responding to your own pain with warmth instead of harshness. Common humanity means remembering that many people struggle with tinnitus and other chronic symptoms, even if their experience is not exactly the same as yours. Mindful awareness means noticing distress without exaggerating it or pushing it away completely.",20-45 sec,20-45 sec,55,Manual next; stop at end. Autoplay optional in settings and default off.,Expanded,Current Education Text -> Audio Transcript
Confidence and Communication,7,Self-kindness: how would you respond to someone you care about?,CC-V5-007,Self-kindness: how would you respond to someone you care about?,"A useful self-compassion question is: what would I say to someone I care about if they were having this same moment? Most people would not say, “You should be handling this better.” They would say something more patient, honest, and supportive. The goal is to offer yourself that same kind of response.",20-45 sec,20-45 sec,52,Manual next; stop at end. Autoplay optional in settings and default off.,Expanded,Current Education Text -> Audio Transcript
Confidence and Communication,8,Common humanity: you are not the only person struggling,CC-V5-008,Common humanity: you are not the only person struggling,"Tinnitus can feel isolating because the sound is subjective. Other people don’t hear it, and they may not understand why it affects you so much. Common humanity does not erase the individual nature of tinnitus, but it reminds you that the distress, frustration, fear, and exhaustion are shared by many people. You are not failing because this is hard.",20-45 sec,20-45 sec,59,Manual next; stop at end. Autoplay optional in settings and default off.,Expanded,Edited Education Text -> Audio Transcript
Confidence and Communication,9,Mindful awareness: notice without amplifying,CC-V5-009,Mindful awareness: notice without amplifying,"Mindful awareness means noticing what is happening without immediately turning it into a larger story. You might say, “This is a difficult tinnitus moment,” rather than “I am never going to be okay.” That small change matters. It lets you acknowledge distress without letting the self-critical voice take over the whole situation.",20-45 sec,20-45 sec,52,Manual next; stop at end. Autoplay optional in settings and default off.,Expanded,Current Education Text -> Audio Transcript
Confidence and Communication,10,Validation: your reaction makes sense,CC-V5-010,Validation: your reaction makes sense,"Validation means recognizing that your emotional response is real and understandable. If tinnitus is intrusive, unpredictable, or affecting sleep, it makes sense that you may feel upset. Validation is not the same as saying nothing can improve. It simply starts from the truth: this is hard, and your reaction is not a personal weakness.",20-45 sec,20-45 sec,54,Manual next; stop at end. Autoplay optional in settings and default off.,Expanded,Current Education Text -> Audio Transcript
Confidence and Communication,11,A brief validation practice,CC-V5-011,A brief validation practice,"The next time tinnitus changes or feels difficult to manage, try three short steps. First, notice the immediate reaction. Second, state one sentence that validates it: “Of course I feel upset; this sound is intrusive.” Third, add self-compassion: “I am not alone, and I can take this one step at a time.” Then notice whether the tension changes, even slightly.",20-45 sec,20-45 sec,60,Manual next; stop at end. Autoplay optional in settings and default off.,Collapsed,Edited Education Text -> Audio Transcript
Confidence and Communication,12,From self-blame to a supportive inner voice,CC-V5-012,From self-blame to a supportive inner voice,"Self-compassion does not require you to enjoy tinnitus or pretend you are fine. It asks you to stop adding blame to an already difficult experience. A supportive inner voice might sound like: “This is hard right now, and I can still use one tool.” That kind of response leaves more room for action than “I should be better at this.”",20-45 sec,20-45 sec,60,Manual next; stop at end. Autoplay optional in settings and default off.,Expanded,Current Education Text -> Audio Transcript
Confidence and Communication,13,Optional mini-practice: give tinnitus a nickname,CC-V5-013,Optional mini-practice: give tinnitus a nickname,Some people find it helpful to imagine tinnitus as a character rather than a threat. A name like “Buzz” or “Ringo” can add a little distance or humor. This is not meant to make tinnitus cute or harmless if it feels serious. It is simply a way to loosen the grip of fear and speak to the experience with less alarm.,20-45 sec,20-45 sec,61,Manual next; stop at end. Autoplay optional in settings and default off.,Collapsed,Current Education Text -> Audio Transcript
Confidence and Communication,14,Important terms: self-compassion and validation,CC-V5-014,Important terms: self-compassion and validation,"Self-compassion means treating yourself with kindness when you are having a hard time. Validation means recognizing that your emotional experience is real and understandable. Common humanity reminds you that many people struggle with similar feelings. The self-critical voice is the inner commentary that says you should be coping better, even when you are already doing something difficult.",20-45 sec,20-45 sec,57,Manual next; stop at end. Autoplay optional in settings and default off.,Collapsed,Current Education Text -> Audio Transcript
Confidence and Communication,15,Putting self-compassion into practice,CC-V5-015,Putting self-compassion into practice,"Self-compassion works best when it becomes small and repeatable. You might use a phrase before bed, after a difficult sound moment, or after catching a distorted thought. Try something honest, not overly positive: “This is difficult, and I am doing my best in a tough situation.” Over time, these small responses reduce the load of shame and make it easier to return to practical tools.",20-45 sec,20-45 sec,65,Manual next; stop at end. Autoplay optional in settings and default off.,Expanded,Current Education Text -> Audio Transcript
Confidence and Communication,16,How self-compassion connects to the other tools,CC-V5-016,How self-compassion connects to the other tools,"Self-compassion supports the rest of tinnitus management. Mindfulness helps you notice difficult thoughts. Cognitive reframing helps you question them. Self-compassion helps you avoid attacking yourself for having them in the first place. That emotional cushion can make sound therapy, acceptance, and distress tolerance easier to keep using on hard days.",20-45 sec,20-45 sec,50,Manual next; stop at end. Autoplay optional in settings and default off.,Expanded,Current Education Text -> Audio Transcript
Confidence and Communication,17,FAQ: Won’t kindness make me less motivated?,CC-V5-017,FAQ: Won’t kindness make me less motivated?,Kindness is not laziness. Self-compassion can actually support motivation because it reduces the exhaustion of self-criticism. You are more likely to keep practicing when your inner voice is firm and supportive instead of punishing.,15-30 sec,<20 sec,34,Manual next; stop at end. Autoplay optional in settings and default off.,Collapsed,Current Education Text -> Audio Transcript
Confidence and Communication,18,FAQ: Is self-compassion just self-pity?,CC-V5-018,FAQ: Is self-compassion just self-pity?,"Self-pity tends to keep you stuck in the problem. Self-compassion acknowledges the problem while still making room for action. It says, “This is hard, and I can take care of myself while I figure out how to manage it.”",15-30 sec,<20 sec,39,Manual next; stop at end. Autoplay optional in settings and default off.,Collapsed,Edited Education Text -> Audio Transcript
Confidence and Communication,19,FAQ: How do I validate myself when others dismiss tinnitus?,CC-V5-019,FAQ: How do I validate myself when others dismiss tinnitus?,Other people may oversimplify tinnitus because they cannot hear what you hear or feel what you feel. Validation starts by reminding yourself that your distress is real. You can accept that your feelings make sense even if someone else does not fully understand them.,15-30 sec,<20 sec,44,Manual next; stop at end. Autoplay optional in settings and default off.,Collapsed,Current Education Text -> Audio Transcript
Confidence and Communication,20,FAQ: What if kind self-talk feels awkward?,CC-V5-020,FAQ: What if kind self-talk feels awkward?,That is normal. Many people are not used to speaking to themselves this way. Start with a phrase you might say to a friend. The goal is not to sound perfect; it is to practice a more helpful tone.,15-30 sec,<20 sec,39,Manual next; stop at end. Autoplay optional in settings and default off.,Collapsed,Current Education Text -> Audio Transcript
Confidence and Communication,21,Exercise: re-scripting a self-critical thought,CC-V5-021,Exercise: re-scripting a self-critical thought,"This exercise helps you practice changing the tone of your inner dialogue. Start with one recent self-critical thought. Notice how it makes you feel. Then imagine that someone you care about said the same thing about themselves. Write the response you would offer them, and adjust it into a compassionate statement you could use for yourself.",20-45 sec,20-45 sec,56,Manual next; stop at end. Autoplay optional in settings and default off.,Expanded,Current Education Text -> Audio Transcript
Confidence and Communication,22,Main points for supporting yourself,CC-V5-022,Main points for supporting yourself,"Self-compassion reduces the extra distress that comes from blaming yourself. Validation reminds you that your reaction is real and understandable. Common humanity helps reduce isolation. A supportive inner voice does not remove tinnitus, but it can keep you more steady while you practice the tools that help.",15-30 sec,<20 sec,47,Manual next; stop at end. Autoplay optional in settings and default off.,Expanded,Current Education Text -> Audio Transcript
Confidence and Communication,23,Your self-compassion and validation plan,CC-V5-023,Your self-compassion and validation plan,REMOVE/COMBINE WITH INTERPERSONAL END REFLECTION,20-45 sec,<20 sec,6,Manual next; stop at end. Autoplay optional in settings and default off.,Expanded,Edited Education Text -> Audio Transcript
Confidence and Communication,24,Why communication matters with tinnitus,CC-V5-024,Why communication matters with tinnitus,"Tinnitus is invisible, which means other people may not know what you are dealing with unless you explain it. Sound environments, background noise, hearing difficulty, and sound sensitivity can all affect communication. Interpersonal effectiveness helps you ask for what you need without withdrawing, over-apologizing, or waiting until frustration turns into conflict.",20-45 sec,20-45 sec,51,Manual next; stop at end. Autoplay optional in settings and default off.,Expanded,Current Education Text -> Audio Transcript
Confidence and Communication,25,Invisible symptoms can create misunderstanding,CC-V5-025,Invisible symptoms can create misunderstanding,"Because other people cannot hear your tinnitus, they may underestimate how much it affects you. Some may say, “I have ringing too,” without realizing your experience is different. Skillful communication gives you a way to explain the impact without needing to prove your suffering. It also helps prevent the isolation that can happen when you stay silent.",20-45 sec,20-45 sec,57,Manual next; stop at end. Autoplay optional in settings and default off.,Expanded,Edited Education Text -> Audio Transcript
Confidence and Communication,26,Self-advocacy without guilt,CC-V5-026,Self-advocacy without guilt,"Asking for a quieter table, a lower TV volume, or a short break does not make you difficult. It is a way to stay engaged while respecting your limits. The goal is not to control everyone around you. The goal is to communicate clearly enough that others understand what would help.",20-45 sec,20-45 sec,51,Manual next; stop at end. Autoplay optional in settings and default off.,Expanded,Current Education Text -> Audio Transcript
Confidence and Communication,27,DEAR MAN: a structure for clear requests,CC-V5-027,DEAR MAN: a structure for clear requests,"DEAR MAN is a DBT communication tool for making a request or saying no clearly. The first part, DEAR, helps you organize what you want to say: describe the situation, express how it affects you, assert what you need, and reinforce why the request helps. The second part, MAN, helps you stay focused, appear confident, and negotiate when needed.",20-45 sec,20-45 sec,59,Manual next; stop at end. Autoplay optional in settings and default off.,Expanded,Current Education Text -> Audio Transcript
Confidence and Communication,28,"DEAR: describe, express, assert, reinforce",CC-V5-028,"DEAR: describe, express, assert, reinforce","Start with the facts. Describe the situation in neutral terms: “The TV volume is making it hard for me to stay comfortable.” Then express how it affects you: “I feel overwhelmed when it stays this loud.” Next, assert the request clearly: “Could we lower it a little?” Finally, reinforce why it helps: “That would let me stay in the room and enjoy the evening with you.”",20-45 sec,20-45 sec,66,Manual next; stop at end. Autoplay optional in settings and default off.,Expanded,Current Education Text -> Audio Transcript
Confidence and Communication,29,"MAN: stay mindful, appear confident, negotiate",CC-V5-029,"MAN: stay mindful, appear confident, negotiate","After making the request, stay mindful of your goal. It is easy to get pulled into overexplaining, apologizing, or arguing. Appearing confident does not mean being aggressive; it means using a steady tone and clear words. Negotiating means staying open to workable solutions, such as moving seats, lowering volume, or taking a short break.",20-45 sec,20-45 sec,54,Manual next; stop at end. Autoplay optional in settings and default off.,Expanded,Current Education Text -> Audio Transcript
Confidence and Communication,30,FAST: preserving self-respect,CC-V5-030,FAST: preserving self-respect,LET’S REMOVE FAST FROM MVP,20-45 sec,<20 sec,5,Manual next; stop at end. Autoplay optional in settings and default off.,Collapsed,Edited Education Text -> Audio Transcript
Confidence and Communication,31,Mini-practice: speak up in one sentence,CC-V5-031,Mini-practice: speak up in one sentence,"Start small. Identify one request that could make a sound situation easier, such as “Could we lower the TV a little?” Practice saying it in one calm sentence. Then use it in a low-pressure moment and notice what happens. Even a short request can show that self-advocacy does not have to be a burden.",20-45 sec,20-45 sec,54,Manual next; stop at end. Autoplay optional in settings and default off.,Collapsed,Current Education Text -> Audio Transcript
Confidence and Communication,32,Important terms: communication and self-respect,CC-V5-032,Important terms: communication and self-respect,Interpersonal effectiveness means balancing your needs with the relationship in front of you. DEAR MAN helps you make a request clearly.,15-30 sec,<20 sec,21,Manual next; stop at end. Autoplay optional in settings and default off.,Collapsed,Current Education Text -> Audio Transcript
Confidence and Communication,33,Putting communication skills into practice,CC-V5-033,Putting communication skills into practice,"Think of these skills as bridges between tinnitus needs and daily life. Instead of quietly enduring a noisy room or snapping after you are already overwhelmed, you can make a clear, respectful request earlier. Start in low-pressure situations. Success builds confidence, and confidence makes it easier to stay connected rather than withdrawing.",20-45 sec,20-45 sec,52,Manual next; stop at end. Autoplay optional in settings and default off.,Expanded,Current Education Text -> Audio Transcript
Confidence and Communication,34,How communication connects to the bigger picture,CC-V5-034,How communication connects to the bigger picture,"Communication works best when it is paired with the other skills. Distress tolerance can steady your body before a hard conversation. Self-compassion can reduce guilt about asking for help. Sound therapy can make an environment easier to tolerate. Together, these tools help you stay involved in life instead of feeling forced into silence or isolation.",20-45 sec,20-45 sec,55,Manual next; stop at end. Autoplay optional in settings and default off.,Expanded,Current Education Text -> Audio Transcript
Confidence and Communication,35,FAQ: Will asking for quieter options make me seem needy?,CC-V5-035,FAQ: Will asking for quieter options make me seem needy?,"A clear, polite request often feels better to others than silent frustration. You are not asking people to understand everything about tinnitus. You are asking for one reasonable adjustment that may help you stay present.",15-30 sec,<20 sec,35,Manual next; stop at end. Autoplay optional in settings and default off.,Collapsed,Current Education Text -> Audio Transcript
Confidence and Communication,36,FAQ: What if someone dismisses my tinnitus?,CC-V5-036,FAQ: What if someone dismisses my tinnitus?,"That can happen, and it can hurt. DEAR MAN helps you stay clear about what you need, but communicating and getting what we want are different.  There will be times where communicating well will not create the outcome we are hoping for.",15-30 sec,<20 sec,42,Manual next; stop at end. Autoplay optional in settings and default off.,Collapsed,Edited Education Text -> Audio Transcript
Confidence and Communication,37,FAQ: Is DEAR MAN too structured for real life?,CC-V5-037,FAQ: Is DEAR MAN too structured for real life?,"It may feel structured at first, but the point is not to recite the letters. The steps help you organize your message. Even using part of the skill can make a conversation clearer.",15-30 sec,<20 sec,33,Manual next; stop at end. Autoplay optional in settings and default off.,Collapsed,Current Education Text -> Audio Transcript
Confidence and Communication,38,FAQ: What if I feel guilty inconveniencing others?,CC-V5-038,FAQ: What if I feel guilty inconveniencing others?,"Guilt is common, especially when tinnitus is new or invisible. Remember that basic comfort and communication needs are valid. A small request can prevent resentment, withdrawal, or a bigger conflict later.",15-30 sec,<20 sec,31,Manual next; stop at end. Autoplay optional in settings and default off.,Collapsed,Current Education Text -> Audio Transcript
Confidence and Communication,39,Exercise: express your needs with DEAR MAN,CC-V5-039,Exercise: express your needs with DEAR MAN,"Use this exercise when you want to explain a tinnitus-related need or ask for an accommodation. Describe the situation, express how it affects you, assert a clear request, and reinforce why it matters. Then use the MAN skills to stay focused, appear confident, and remain open to a workable compromise.",20-45 sec,20-45 sec,50,Manual next; stop at end. Autoplay optional in settings and default off.,Expanded,Current Education Text -> Audio Transcript
Confidence and Communication,40,Using FAST as a self-respect check,CC-V5-040,Using FAST as a self-respect check,REMOVE,20-45 sec,<20 sec,1,Manual next; stop at end. Autoplay optional in settings and default off.,Collapsed,Edited Education Text -> Audio Transcript
Confidence and Communication,41,Main points for communicating with others,CC-V5-041,Main points for communicating with others,"Tinnitus can affect relationships, but skillful communication can reduce misunderstanding. DEAR MAN helps you make requests clearly. Small, respectful requests can prevent withdrawal and resentment. Communication is one way to stay engaged with life while still respecting what your ears and nervous system need.",15-30 sec,<20 sec,44,Manual next; stop at end. Autoplay optional in settings and default off.,Expanded,Edited Education Text -> Audio Transcript
Confidence and Communication,42,Your communication plan,CC-V5-042,Your communication plan,COMBINE WITH VALIDATION/SELF-COMPASSION REFLECTION,20-45 sec,<20 sec,5,Manual next; stop at end. Autoplay optional in settings and default off.,Expanded,Edited Education Text -> Audio Transcript
Confidence and Communication,43,Confidence inside and outside,CC-V5-043,Confidence inside and outside,"Supporting yourself and communicating with others are two sides of the same skill set. Internally, you practice validation and self-compassion so tinnitus does not become a reason to attack yourself. Externally, you practice clear requests so tinnitus does not push you into silence or isolation. Both help you stay engaged with life while continuing to use the tools that support you.",20-45 sec,20-45 sec,61,Manual next; stop at end. Autoplay optional in settings and default off.,Expanded,Current Education Text -> Audio Transcript
Confidence and Communication,44,When extra support may help,CC-V5-044,When extra support may help,"These tools can help with self-talk and communication, but they are not a replacement for mental health care, relationship support, hearing healthcare, or crisis help when those are needed. If tinnitus distress feels unsafe, if you are in a mental health crisis, or if communication problems involve safety, coercion, or abuse, seek direct support from appropriate professionals or emergency resources.",20-45 sec,20-45 sec,60,Manual next; stop at end. Autoplay optional in settings and default off.,Collapsed,Current Education Text -> Audio Transcript
Sleep,1,Sleep and tinnitus can affect each other,SLP-AUD-001,Sleep and tinnitus can affect each other,"Many people with tinnitus notice that nighttime can feel harder. Life is quieter, the day is over, and there may be fewer distractions from the sound. At the same time, poor sleep can make the next day feel heavier, increasing stress, frustration, and tinnitus distress. This section helps you understand that two-way relationship and gives you practical sleep-supportive steps without turning this app into a sleep-treatment program.",45-75 sec,20-45 sec,67,Manual next; stop at end. Autoplay optional in settings and default off.,Expanded,Edited Education Text -> Audio Transcript
Sleep,2,What you will learn in this section,SLP-AUD-002,What you will learn in this section,"By the end of this section, you should understand how tinnitus and sleep can feed into each other, how negative sleep thoughts can increase bedtime anxiety, and why some bedtime habits accidentally make insomnia stronger. You will also learn how low-level sound, calmer sleep thoughts, basic sleep hygiene, and stimulus-control ideas can support better rest.",20-45 sec,20-45 sec,55,Manual next; stop at end. Autoplay optional in settings and default off.,Expanded,Current Education Text -> Audio Transcript
Sleep,3,Why sleep belongs in tinnitus management,SLP-AUD-003,Why sleep belongs in tinnitus management,"Sleep may seem separate from tinnitus, but the two are often closely connected. When sleep is poor, your stress system has less time to recover, your attention may narrow, and difficult sounds can feel harder to ignore. When tinnitus feels threatening at bedtime, sleep can become harder to reach. That is why sleep belongs in a multimodal tinnitus plan.",45-75 sec,20-45 sec,59,Manual next; stop at end. Autoplay optional in settings and default off.,Expanded,Current Education Text -> Audio Transcript
Sleep,4,The sleep-tinnitus loop,SLP-AUD-004,The sleep-tinnitus loop,"A difficult night can lead to fatigue, irritability, and more worry the next day. That stress can make tinnitus feel more intrusive, especially when you are tired. Then, when bedtime returns, the memory of the previous bad night can make you anxious before you even lie down. This loop can feel powerful, but it also gives you several places to intervene.",45-75 sec,20-45 sec,61,Manual next; stop at end. Autoplay optional in settings and default off.,Expanded,Current Education Text -> Audio Transcript
Sleep,5,Why quiet nights can feel harder,SLP-AUD-005,Why quiet nights can feel harder,"Tinnitus often stands out when the environment becomes quiet. At night, there may be fewer external sounds, fewer tasks, and less social distraction. The brain can begin scanning for the ringing, buzzing, or hissing, and that attention can make the sound feel more important. This is one reason soft, steady background sound can be helpful at bedtime.",45-75 sec,20-45 sec,57,Manual next; stop at end. Autoplay optional in settings and default off.,Expanded,Current Education Text -> Audio Transcript
Sleep,6,Why trying harder to sleep can backfire,SLP-AUD-006,Why trying harder to sleep can backfire,"Sleep is unusual because effort does not always help. Trying to force sleep can make your mind more alert, especially if you start checking the clock, measuring the night, or predicting how bad tomorrow will be. The goal is not to work harder at sleeping. The goal is to create conditions where sleep is more likely to happen naturally.",45-75 sec,20-45 sec,59,Manual next; stop at end. Autoplay optional in settings and default off.,Expanded,Current Education Text -> Audio Transcript
Sleep,7,Sleep drive: your body’s pressure for sleep,SLP-AUD-007,Sleep drive: your body’s pressure for sleep,"Sleep drive is the natural pressure for sleep that builds the longer you are awake. When people spend too much time in bed awake, nap excessively, or go to bed much earlier to make up for a poor night, that pressure can weaken. A stronger sleep drive can make sleep more continuous and less fragile.",20-45 sec,20-45 sec,55,Manual next; stop at end. Autoplay optional in settings and default off.,Expanded,Current Education Text -> Audio Transcript
Sleep,8,When the bed becomes a place for frustration,SLP-AUD-008,When the bed becomes a place for frustration,"If you lie awake night after night, the bed can start to feel connected with frustration, worry, clock-checking, and tinnitus monitoring. Your brain may learn that bed means wakefulness instead of sleep. Stimulus control is a behavioral sleep idea designed to rebuild the connection between bed and successful sleep.",20-45 sec,20-45 sec,49,Manual next; stop at end. Autoplay optional in settings and default off.,Expanded,Current Education Text -> Audio Transcript
Sleep,9,"Stimulus control, explained carefully",SLP-AUD-009,"Stimulus control, explained carefully","In sleep treatment, stimulus control often means going to bed when sleepy, leaving bed if you are awake for a while, doing something quiet and relaxing, and returning when sleepiness returns. The point is not punishment, and it is not a test of willpower. It is a way of helping the brain relearn that bed is for sleep, not for hours of struggling.",45-75 sec,20-45 sec,63,Manual next; stop at end. Autoplay optional in settings and default off.,Collapsed,Current Education Text -> Audio Transcript
Sleep,10,Sleep thoughts can raise the alarm,SLP-AUD-010,Sleep thoughts can raise the alarm,"Sleep-related thoughts can become convincing at night. Thoughts like “If I do not sleep eight hours, tomorrow is ruined” or “I will never fall asleep with tinnitus” can raise anxiety and make the body more alert. These thoughts may feel true in the moment, but they can often be checked and softened.",20-45 sec,20-45 sec,52,Manual next; stop at end. Autoplay optional in settings and default off.,Expanded,Current Education Text -> Audio Transcript
Sleep,11,Common sleep myths,SLP-AUD-011,Common sleep myths,"Sleep myths create pressure. You may hear that everyone needs exactly eight hours, that one bad night ruins the next day, or that staying in bed awake will eventually force sleep. A more balanced view is usually more helpful: sleep needs vary, bad nights happen, and your body can often function better than your anxious mind predicts.",45-75 sec,20-45 sec,57,Manual next; stop at end. Autoplay optional in settings and default off.,Collapsed,Current Education Text -> Audio Transcript
Sleep,12,Sleep myth examples,SLP-AUD-012,Sleep myth examples,"Examples of sleep myths include: “I must get eight hours or I will fail,” “I can always catch up on weekends,” “alcohol helps me sleep better,” “complete silence is best,” “if I stay in bed long enough I will force sleep,” and “more time in bed always means more rest.” Each of these has a more balanced version that lowers pressure.",45-75 sec,20-45 sec,61,Manual next; stop at end. Autoplay optional in settings and default off.,Collapsed,Current Education Text -> Audio Transcript
Sleep,13,Using sound at night,SLP-AUD-013,Using sound at night,"Sound can help at night by reducing the contrast between silence and tinnitus. The sound should usually be low-level, steady, and comfortable. Loud, surprising, or highly varied sound may keep the brain more alert. The goal is not to create a perfect sound environment. The goal is to make the night feel less stark and less tinnitus-focused.",45-75 sec,20-45 sec,57,Manual next; stop at end. Autoplay optional in settings and default off.,Expanded,Current Education Text -> Audio Transcript
Sleep,14,"Sleep hygiene is helpful, but it is not the whole answer",SLP-AUD-014,"Sleep hygiene is helpful, but it is not the whole answer","Sleep hygiene includes habits that support sleep: a consistent schedule, a calmer wind-down, less late caffeine, a comfortable bedroom, and fewer stimulating activities right before bed. These habits matter, but sleep hygiene alone may not fix insomnia. For many people, the bigger shift comes from changing the thoughts and behaviors that keep the bed connected with stress.",45-75 sec,20-45 sec,57,Manual next; stop at end. Autoplay optional in settings and default off.,Expanded,Current Education Text -> Audio Transcript
Sleep,15,A consistent schedule,SLP-AUD-015,A consistent schedule,"A consistent sleep schedule helps your body clock predict when sleep and wakefulness should happen. A regular wake time is especially important, even after a rough night. This does not mean you must be rigid forever. It means giving your body repeated cues so the sleep system has a clearer rhythm.",20-45 sec,20-45 sec,51,Manual next; stop at end. Autoplay optional in settings and default off.,Collapsed,Current Education Text -> Audio Transcript
Sleep,16,A wind-down routine,SLP-AUD-016,A wind-down routine,"A wind-down routine gives the brain a transition. Reading, gentle stretching, quiet breathing, or calming audio can help signal that the day is ending. Try to avoid stressful work, intense conversations, or stimulating tasks right before bed when possible. The purpose is not to force sleep, but to lower the activation level around bedtime.",20-45 sec,20-45 sec,54,Manual next; stop at end. Autoplay optional in settings and default off.,Collapsed,Current Education Text -> Audio Transcript
Sleep,17,The sleep environment,SLP-AUD-017,The sleep environment,"A bedroom that is cool, dark, comfortable, and low in disruption can make sleep easier. For tinnitus, “quiet” does not always mean silent. A soft, steady sound can be useful if silence makes tinnitus stand out. Try to keep the bed connected mainly with sleep, so your brain has a clear signal about what the space is for.",45-75 sec,20-45 sec,58,Manual next; stop at end. Autoplay optional in settings and default off.,Collapsed,Current Education Text -> Audio Transcript
Sleep,18,"Stimulants, food, alcohol, and activity",SLP-AUD-018,"Stimulants, food, alcohol, and activity","Caffeine and nicotine can make it harder to fall asleep or stay asleep, especially later in the day. Alcohol may feel relaxing at first, but it can fragment sleep later in the night. Heavy meals close to bedtime can be disruptive for some people. Regular movement can support sleep, while intense late workouts may be too activating for some.",45-75 sec,20-45 sec,59,Manual next; stop at end. Autoplay optional in settings and default off.,Collapsed,Current Education Text -> Audio Transcript
Sleep,19,Managing stress before bed,SLP-AUD-019,Managing stress before bed,"If worries or to-do lists flood in at night, try giving them another place to go earlier in the evening. Some people write down worries, next steps, or tomorrow’s tasks before the wind-down begins. Breathing, mindfulness, or paired muscle relaxation can also help the body shift out of problem-solving mode.",20-45 sec,20-45 sec,50,Manual next; stop at end. Autoplay optional in settings and default off.,Collapsed,Current Education Text -> Audio Transcript
Sleep,20,Important terms,SLP-AUD-020,Important terms,Stimulus control is the idea of rebuilding the connection between bed and sleep. Sleep drive is the pressure for sleep that builds while you are awake. Sleep distortions are rigid or threatening thoughts about sleep. Sleep hygiene is the set of habits and environmental choices that support healthier sleep.,20-45 sec,20-45 sec,49,Manual next; stop at end. Autoplay optional in settings and default off.,Collapsed,Current Education Text -> Audio Transcript
Sleep,21,Putting sleep strategies into practice,SLP-AUD-021,Putting sleep strategies into practice,"Start with one or two realistic changes rather than trying everything at once. Notice your bedtime thoughts, choose a more balanced response, and consider whether your bed has become a place for worry. Keep sound low and steady if it helps. Choose one small adjustment you can practice consistently enough to learn from it.",20-45 sec,20-45 sec,54,Manual next; stop at end. Autoplay optional in settings and default off.,Expanded,Current Education Text -> Audio Transcript
Sleep,22,CBT-I and brief behavioral sleep care,SLP-AUD-022,CBT-I and brief behavioral sleep care,"Cognitive Behavioral Therapy for Insomnia, often called CBT-I, is a structured treatment for insomnia. Brief Behavioral Treatment for Insomnia, or BBTI, is a shorter behavioral approach. This app does not provide either treatment. It introduces a few ideas that can help you understand your options and decide whether professional sleep support may be worth exploring. These programs can be good starting points to search for, if you need more help.",20-45 sec,20-45 sec,70,Manual next; stop at end. Autoplay optional in settings and default off.,Collapsed,Edited Education Text -> Audio Transcript
Sleep,23,When sleep deserves professional help,SLP-AUD-023,When sleep deserves professional help,"Some sleep problems deserve more than self-guided education. Consider professional support if sleep problems are persistent, severe, worsening, or affecting safety, mood, work, or health. Suspected sleep apnea, loud snoring with breathing pauses, significant daytime sleepiness, complex medication questions, or ongoing insomnia are reasons to speak with a qualified clinician.",20-45 sec,20-45 sec,50,Manual next; stop at end. Autoplay optional in settings and default off.,Collapsed,Current Education Text -> Audio Transcript
Sleep,24,How sleep connects to the bigger picture,SLP-AUD-024,How sleep connects to the bigger picture,"Better sleep can make it easier to think clearly, regulate emotions, practice sound therapy, use mindfulness, and communicate well. The strategies in this section mirror the rest of the app: notice patterns, check thoughts, make small behavioral changes, and avoid judging yourself for difficult nights. Sleep is part of resilience.",20-45 sec,20-45 sec,50,Manual next; stop at end. Autoplay optional in settings and default off.,Expanded,Current Education Text -> Audio Transcript
Sleep,25,FAQ: Should I stay in bed and force sleep?,SLP-AUD-025,FAQ: Should I stay in bed and force sleep?,"Usually, forcing sleep makes things harder. Lying awake for long stretches can teach the brain that bed is a place for wakefulness and frustration. A calmer approach is to reduce the struggle, do something quiet if needed, and return when sleepiness comes back.",20-45 sec,<20 sec,43,Manual next; stop at end. Autoplay optional in settings and default off.,Collapsed,Current Education Text -> Audio Transcript
Sleep,26,FAQ: Why am I still awake if I already use sleep hygiene?,SLP-AUD-026,FAQ: Why am I still awake if I already use sleep hygiene?,"Sleep hygiene is useful, but it is not always enough. If the main problem is worry, clock-checking, long periods awake in bed, or fear of tinnitus at night, then thought patterns and bedtime behaviors may need attention too.",20-45 sec,<20 sec,38,Manual next; stop at end. Autoplay optional in settings and default off.,Collapsed,Current Education Text -> Audio Transcript
Sleep,27,FAQ: Can I use TV or my phone to mask tinnitus?,SLP-AUD-027,FAQ: Can I use TV or my phone to mask tinnitus?,"TV or phone audio may feel helpful at first, but it can also be stimulating, bright, varied, or attention-grabbing. If you use sound at night, aim for soft, steady, neutral sound that supports rest rather than pulling your attention back into the screen or the story.",20-45 sec,<20 sec,46,Manual next; stop at end. Autoplay optional in settings and default off.,Collapsed,Current Education Text -> Audio Transcript
Sleep,28,Practice: Challenge a negative sleep thought,SLP-AUD-028,Practice: Challenge a negative sleep thought,"Your thoughts about sleep can shape the experience of trying to rest. In this exercise, you write down a distressing sleep thought, identify the pattern, look at evidence for and against it, and create a more balanced statement. The goal is not to make the night perfect. The goal is to lower the alarm around sleep.",45-75 sec,20-45 sec,56,Manual next; stop at end. Autoplay optional in settings and default off.,Expanded,Current Education Text -> Audio Transcript
Sleep,29,Practice: Build a bedtime sound plan,SLP-AUD-029,Practice: Build a bedtime sound plan,"A bedtime sound plan helps you decide what sound you will use, where it will come from, how comfortable the volume should be, and what you will do if it is not helping. A plan reduces last-minute problem-solving, which can be especially useful when tinnitus feels louder at night.",20-45 sec,20-45 sec,49,Manual next; stop at end. Autoplay optional in settings and default off.,Expanded,Current Education Text -> Audio Transcript
Sleep,30,Practice: Stimulus control plan,SLP-AUD-030,Practice: Stimulus control plan,"The workbook includes a stimulus control plan: notice whether you lie awake in bed, create a calm plan for what to do if you are awake for a while, return when sleepy, and stay consistent. In the app, this should be handled carefully as education and planning, not as a full insomnia treatment protocol.",20-45 sec,20-45 sec,54,Manual next; stop at end. Autoplay optional in settings and default off.,Collapsed,Current Education Text -> Audio Transcript
Sleep,31,Main points,SLP-AUD-031,Main points,"Tinnitus can magnify insomnia, and poor sleep can make tinnitus distress harder to manage. Negative sleep thoughts can raise bedtime anxiety. Gentle sound, balanced thinking, consistent routines, and careful behavior changes can help break the cycle. Sleep strategies work best when they support rest without turning sleep into another performance test.",20-45 sec,20-45 sec,51,Manual next; stop at end. Autoplay optional in settings and default off.,Expanded,Current Education Text -> Audio Transcript
Sleep,32,Your sleep support plan,SLP-AUD-032,Your sleep support plan,"Before you move on, choose one small way to support sleep this week. You might use a low-level sound, write a more balanced sleep thought, start a gentler wind-down, or talk with a clinician about a sleep concern. Keep the step small enough to actually try.",20-45 sec,<20 sec,46,Manual next; stop at end. Autoplay optional in settings and default off.,Expanded,Current Education Text -> Audio Transcript
Sleep,33,Sleep scope and safety,SLP-AUD-033,Sleep scope and safety,"This section provides sleep education, not diagnosis or treatment. If sleep problems are persistent, severe, worsening, or connected to symptoms such as breathing pauses, heavy snoring, major daytime sleepiness, unsafe thoughts, or major mood changes, seek professional support. Do not stop or change prescribed sleep medication based on this app.",20-45 sec,20-45 sec,50,Manual next; stop at end. Autoplay optional in settings and default off.,Collapsed,Current Education Text -> Audio Transcript
First Launch + Library,1,Welcome to MPTinnitus,APP-FL-001,Welcome to MPTinnitus,This app works best when you begin with About Tinnitus. That section explains why tinnitus management is bigger than sound alone and how the rest of the app is organized. You can also explore freely and return to the beginning whenever you want.,20-30 sec,<20 sec,43,Manual next; stop at end. Autoplay optional in settings and default off.,Modal / first launch,Current Education Text -> Audio Transcript
First Launch + Library,2,Explore without pressure,APP-FL-002,Explore without pressure,"You do not have to complete the app in order. The suggested path begins with About Tinnitus and Sound Therapy, but the Library lets you move to the topic that matters most right now.",20-30 sec,<20 sec,34,Manual next; stop at end. Autoplay optional in settings and default off.,Expanded,Current Education Text -> Audio Transcript
First Launch + Library,3,How the Library is organized,APP-LIB-001,How the Library is organized,"The Library is the main table of contents. Each loop topic a fuller learning section, audio read-aloud segments, visuals where they help, and practice tools that can be saved to My Plan.",20-30 sec,<20 sec,32,Manual next; stop at end. Autoplay optional in settings and default off.,Expanded,Edited Education Text -> Audio Transcript
Audio Playback UX,4,Audio is part of the education,APP-AUDIO-001,Audio is part of the education,"The audio in this app is meant to read the learning sections aloud. It is not a separate audiobook and not a different summary. You can read, listen, or do both, and you should hear the same teaching either way.",30-45 sec,<20 sec,40,Manual next; stop at end. Autoplay optional in settings and default off.,Expanded,Current Education Text -> Audio Transcript
Audio Playback UX,5,Manual next playback,APP-AUDIO-002,Manual next playback,"Each audio segment stops when it ends. To continue, tap the next button. This keeps you engaged and lets you skip or collapse sections you do not need right now.",20-30 sec,<20 sec,30,Manual next; stop at end. Autoplay optional in settings and default off.,Expanded,Current Education Text -> Audio Transcript
Audio Playback UX,6,Transcripts stay available,APP-AUDIO-003,Transcripts stay available,WE DO NOT NEED AN AUDIO TRANSCRIPT IF WE ARE HAVING THE WRITTEN AUDIO MATCH THE TEXT OF THE SECTION,20-30 sec,<20 sec,20,Manual next; stop at end. Autoplay optional in settings and default off.,Expanded,Edited Education Text -> Audio Transcript
My Plan,7,What My Plan is,APP-MP-001,What My Plan is,"My Plan collects the exercises, tools, statements, and short practices that feel useful to you. It is not a scorecard and it is not a treatment plan. It is a local place to keep the pieces you want to return to.",30-45 sec,<20 sec,41,Manual next; stop at end. Autoplay optional in settings and default off.,Expanded,Current Education Text -> Audio Transcript
My Plan,8,What belongs in My Plan,APP-MP-002,What belongs in My Plan,"Use My Plan for practice tools you want to repeat: a sound plan, a breathing exercise, a Yes AND statement, a thought-reframing exercise, or a communication script. Ordinary education cards do not need to be saved unless they become a practice tool for you.",30-45 sec,<20 sec,44,Manual next; stop at end. Autoplay optional in settings and default off.,Expanded,Current Education Text -> Audio Transcript
My Plan,9,Three Lines Journal,APP-MP-003,Three Lines Journal,"The Three Lines Journal keeps practice small, and can create a daily routine. ST stands for Sound Therapy, E stands for Emotional Regulation, and M stands for Mindfulness. A few words, a checkmark, or 'not today' can be enough.",30-45 sec,<20 sec,39,Manual next; stop at end. Autoplay optional in settings and default off.,Expanded,Edited Education Text -> Audio Transcript
My Plan,10,"The point is reflection, not proof",APP-MP-004,"The point is reflection, not proof","Three Lines is not meant to become a black hole of journaling. If one line is blank, notice it without judgment. If the same line is blank for several days, that may show low-hanging fruit the next time we are looking for patterns in tinnitus.",30-45 sec,<20 sec,45,Manual next; stop at end. Autoplay optional in settings and default off.,Collapsed,Edited Education Text -> Audio Transcript
My Plan,11,Past entries and exercise records,APP-MP-005,Past entries and exercise records,"When you save journal entries or exercise responses, they stay on this device so you can look back later. Reviewing old entries can help you notice patterns, repeated tools, and areas that may need more attention.",30-45 sec,<20 sec,36,Manual next; stop at end. Autoplay optional in settings and default off.,Expanded,Current Education Text -> Audio Transcript
Settings,12,About this app,APP-SET-001,About this app,"This app is educational and informational. It can help you learn about tinnitus management and practice self-guided skills, but it is not medical advice, therapy, treatment, crisis care, or a replacement for professional support.",30-45 sec,<20 sec,34,Manual next; stop at end. Autoplay optional in settings and default off.,Expanded,Current Education Text -> Audio Transcript
Settings,13,Local-only privacy,APP-SET-002,Local-only privacy,"Your preferences, exercise entries, journal entries, My Plan items, sound favorites, and settings are meant to stay on this device. The app does not require an account and does not automatically send your information anywhere.",30-45 sec,<20 sec,35,Manual next; stop at end. Autoplay optional in settings and default off.,Expanded,Current Education Text -> Audio Transcript
Settings,14,Transcript and audio preferences,APP-SET-003,Transcript and audio preferences,"AGAIN, WE NEED TO RECONSIDER THIS NOW THAT WE ARE MATCHING AUDIO AND TEXT",20-30 sec,<20 sec,14,Manual next; stop at end. Autoplay optional in settings and default off.,Collapsed,Edited Education Text -> Audio Transcript
Settings,15,Reset and delete local data,APP-SET-004,Reset and delete local data,"You can delete local records from this device, including My Plan items, exercise entries, Three Lines Journal entries, and sound favorites.",30-45 sec,<20 sec,21,Manual next; stop at end. Autoplay optional in settings and default off.,Collapsed,Edited Education Text -> Audio Transcript
Settings,16,Show the welcome again,APP-SET-005,Show the welcome again,"If you want to restart the orientation, you can reset the welcome prompt. This does not erase your learning or practice entries unless you also choose a local data reset.",20-30 sec,<20 sec,30,Manual next; stop at end. Autoplay optional in settings and default off.,Collapsed,Current Education Text -> Audio Transcript
Safety Information,17,If you feel unsafe,APP-SAFE-001,If you feel unsafe,"If you feel unsafe or are in a mental health crisis, do not rely on this app. Seek immediate support through emergency services, crisis resources, or a qualified professional. Skills in this app can support coping, but they are not a crisis plan.",30-45 sec,<20 sec,43,Manual next; stop at end. Autoplay optional in settings and default off.,Expanded,Current Education Text -> Audio Transcript
Safety Information,18,When hearing care matters,APP-SAFE-002,When hearing care matters,"Tinnitus can occur alongside hearing loss, sound sensitivity, ear symptoms, or other medical concerns. Sudden hearing changes, pulsatile tinnitus, one-sided tinnitus, new neurological symptoms, or significant distress deserve appropriate evaluation through audiology, ENT, primary care, urgent care, or emergency care when needed.",45-60 sec,<20 sec,42,Manual next; stop at end. Autoplay optional in settings and default off.,Expanded,Current Education Text -> Audio Transcript
Safety Information,19,Sleep and medical concerns,APP-SAFE-003,Sleep and medical concerns,"This app provides sleep education, not sleep treatment. Persistent or severe sleep problems, suspected sleep apnea, or other medical sleep concerns should be discussed with a qualified clinician.",20-30 sec,<20 sec,28,Manual next; stop at end. Autoplay optional in settings and default off.,Expanded,Current Education Text -> Audio Transcript
Safety Information,20,Sound sensitivity safety,APP-SAFE-004,Sound sensitivity safety,"Sound sensitivity should be approached with comfortable, controlled sound. Do not push into painful sound. If sound sensitivity is severe, worsening, or affecting daily life, professional guidance can help you decide how to proceed safely.",30-45 sec,<20 sec,35,Manual next; stop at end. Autoplay optional in settings and default off.,Expanded,Current Education Text -> Audio Transcript
Sound Therapy Annex,21,A place to try sounds,APP-STANNEX-001,A place to try sounds,The Sound Therapy Annex is a practical place to explore simple sound categories. It is not meant to be a complete sound therapy app. It gives you a starting point while the Sound Therapy section explains how and why to use sound.,30-45 sec,<20 sec,42,Manual next; stop at end. Autoplay optional in settings and default off.,Expanded,Current Education Text -> Audio Transcript
Sound Therapy Annex,22,Six starter sounds,APP-STANNEX-002,Six starter sounds,"The starter set includes steady noise, softer broadband noise, rain, running water, fan-like sound, and crickets. These are examples, not prescriptions. The best sound is the one you can use comfortably over time.",30-45 sec,<20 sec,33,Manual next; stop at end. Autoplay optional in settings and default off.,Expanded,Current Education Text -> Audio Transcript
Sound Therapy Annex,23,Saving favorite sounds,APP-STANNEX-003,Saving favorite sounds,"If a sound feels useful, you can favorite it so it is easier to find again. Favorite sounds stay local to your device and can be changed or removed later.",20-30 sec,<20 sec,30,Manual next; stop at end. Autoplay optional in settings and default off.,Collapsed,Current Education Text -> Audio Transcript
Sound Therapy Annex,24,Safe sound use,APP-STANNEX-004,Safe sound use,"Keep sound comfortable. Start low, adjust gradually, and avoid pushing into painful or overwhelming volume. Sound therapy should support your day, not become another source of strain.",20-30 sec,<20 sec,27,Manual next; stop at end. Autoplay optional in settings and default off.,Expanded,Current Education Text -> Audio Transcript
Mindfulness Annex,25,A place to practice,APP-MFANNEX-001,A place to practice,"The Mindfulness Annex is a practice area. It gathers short exercises like breathing, 3-2-1 senses, mindful listening, and sound shifting so you can practice without searching through the full learning section.",30-45 sec,<20 sec,31,Manual next; stop at end. Autoplay optional in settings and default off.,Expanded,Current Education Text -> Audio Transcript
Mindfulness Annex,26,"Practice, do not perfect",APP-MFANNEX-002,"Practice, do not perfect","These practices are not tests. If one feels too hard, shorten it, add comfortable sound, or switch to a grounding tool. Mindfulness should help you build flexibility, not force you into silence.",30-45 sec,<20 sec,32,Manual next; stop at end. Autoplay optional in settings and default off.,Expanded,Current Education Text -> Audio Transcript
Mindfulness Annex,27,Use the tool that fits the moment,APP-MFANNEX-003,Use the tool that fits the moment,Some moments call for one breath. Some call for the breathing pacer. Some call for sound shifting or a full written reflection. The goal is to choose a practice that matches the moment instead of forcing one perfect method.,30-45 sec,<20 sec,39,Manual next; stop at end. Autoplay optional in settings and default off.,Collapsed,Current Education Text -> Audio Transcript
Local Data / Privacy,28,What the app saves,APP-DATA-001,What the app saves,"The app can save your local exercise entries, journal entries, My Plan items, sound favorites, transcript preferences, and welcome choice. These records are meant to help you return to what was useful.",30-45 sec,<20 sec,32,Manual next; stop at end. Autoplay optional in settings and default off.,Collapsed,Current Education Text -> Audio Transcript
Local Data / Privacy,29,What the app does not save,APP-DATA-002,What the app does not save,"The app will not ask you to enter crisis details, medical diagnoses, or private clinical records. It is designed for self-guided learning and local practice, not remote monitoring.",20-30 sec,<20 sec,28,Manual next; stop at end. Autoplay optional in settings and default off.,Collapsed,Edited Education Text -> Audio Transcript
Implementation / Rebuild,30,Applying the workbook-to-app rewrite,APP-IMPL-001,Applying the workbook-to-app rewrite,NOTE NEEDED,n/a,<20 sec,2,Manual next; stop at end. Autoplay optional in settings and default off.,Internal,Edited Education Text -> Audio Transcript
